id,object_id,parent_object_id,change_id,region_code,area_code,city_code,place_code,plan_code,street_code,path,update_date,start_date,end_date,is_active,raw_attributes
78741438,1405113,0,3846120,77,0,0,0,0,0,1405113,1900-01-01,1900-01-01,2079-06-06,t,"{""ID"": ""78741438"", ""PATH"": ""1405113"", ""NEXTID"": ""0"", ""PREVID"": ""0"", ""ENDDATE"": ""2079-06-06"", ""AREACODE"": ""0"", ""CHANGEID"": ""3846120"", ""CITYCODE"": ""0"", ""ISACTIVE"": ""1"", ""OBJECTID"": ""1405113"", ""PLANCODE"": ""0"", ""PLACECODE"": ""0"", ""STARTDATE"": ""1900-01-01"", ""REGIONCODE"": ""77"", ""STREETCODE"": ""0"", ""UPDATEDATE"": ""1900-01-01"", ""PARENTOBJID"": ""0""}"
99898820,1447085,1405113,3981615,77,0,0,0,0,758,1405113.1447085,1900-01-01,1900-01-01,2079-06-06,t,"{""ID"": ""99898820"", ""PATH"": ""1405113.1447085"", ""NEXTID"": ""0"", ""PREVID"": ""0"", ""ENDDATE"": ""2079-06-06"", ""AREACODE"": ""0"", ""CHANGEID"": ""3981615"", ""CITYCODE"": ""0"", ""ISACTIVE"": ""1"", ""OBJECTID"": ""1447085"", ""PLANCODE"": ""0"", ""PLACECODE"": ""0"", ""STARTDATE"": ""1900-01-01"", ""REGIONCODE"": ""77"", ""STREETCODE"": ""758"", ""UPDATEDATE"": ""1900-01-01"", ""PARENTOBJID"": ""1405113""}"
99898902,66965999,1447085,99858397,77,,,,,,1405113.1447085.66965999,1900-01-01,1900-01-01,2079-06-06,t,"{""ID"": ""99898902"", ""PATH"": ""1405113.1447085.66965999"", ""NEXTID"": ""0"", ""PREVID"": ""0"", ""ENDDATE"": ""2079-06-06"", ""CHANGEID"": ""99858397"", ""ISACTIVE"": ""1"", ""OBJECTID"": ""66965999"", ""STARTDATE"": ""1900-01-01"", ""REGIONCODE"": ""77"", ""UPDATEDATE"": ""1900-01-01"", ""PARENTOBJID"": ""1447085""}"
99898903,66969104,66965999,99862693,77,,,,,,1405113.1447085.66965999.66969104,1900-01-01,1900-01-01,2079-06-06,t,"{""ID"": ""99898903"", ""PATH"": ""1405113.1447085.66965999.66969104"", ""NEXTID"": ""0"", ""PREVID"": ""0"", ""ENDDATE"": ""2079-06-06"", ""CHANGEID"": ""99862693"", ""ISACTIVE"": ""1"", ""OBJECTID"": ""66969104"", ""STARTDATE"": ""1900-01-01"", ""REGIONCODE"": ""77"", ""UPDATEDATE"": ""1900-01-01"", ""PARENTOBJID"": ""66965999""}"
99898904,66969287,66965999,99862923,77,,,,,,1405113.1447085.66965999.66969287,1900-01-01,1900-01-01,2079-06-06,t,"{""ID"": ""99898904"", ""PATH"": ""1405113.1447085.66965999.66969287"", ""NEXTID"": ""0"", ""PREVID"": ""0"", ""ENDDATE"": ""2079-06-06"", ""CHANGEID"": ""99862923"", ""ISACTIVE"": ""1"", ""OBJECTID"": ""66969287"", ""STARTDATE"": ""1900-01-01"", ""REGIONCODE"": ""77"", ""UPDATEDATE"": ""1900-01-01"", ""PARENTOBJID"": ""66965999""}"
99898905,66969410,66965999,99863105,77,,,,,,1405113.1447085.66965999.66969410,1900-01-01,1900-01-01,2079-06-06,t,"{""ID"": ""99898905"", ""PATH"": ""1405113.1447085.66965999.66969410"", ""NEXTID"": ""0"", ""PREVID"": ""0"", ""ENDDATE"": ""2079-06-06"", ""CHANGEID"": ""99863105"", ""ISACTIVE"": ""1"", ""OBJECTID"": ""66969410"", ""STARTDATE"": ""1900-01-01"", ""REGIONCODE"": ""77"", ""UPDATEDATE"": ""1900-01-01"", ""PARENTOBJID"": ""66965999""}"
99898906,66969416,66965999,99863117,77,,,,,,1405113.1447085.66965999.66969416,1900-01-01,1900-01-01,2079-06-06,t,"{""ID"": ""99898906"", ""PATH"": ""1405113.1447085.66965999.66969416"", ""NEXTID"": ""0"", ""PREVID"": ""0"", ""ENDDATE"": ""2079-06-06"", ""CHANGEID"": ""99863117"", ""ISACTIVE"": ""1"", ""OBJECTID"": ""66969416"", ""STARTDATE"": ""1900-01-01"", ""REGIONCODE"": ""77"", ""UPDATEDATE"": ""1900-01-01"", ""PARENTOBJID"": ""66965999""}"
99898907,66969420,66965999,99863125,77,,,,,,1405113.1447085.66965999.66969420,1900-01-01,1900-01-01,2079-06-06,t,"{""ID"": ""99898907"", ""PATH"": ""1405113.1447085.66965999.66969420"", ""NEXTID"": ""0"", ""PREVID"": ""0"", ""ENDDATE"": ""2079-06-06"", ""CHANGEID"": ""99863125"", ""ISACTIVE"": ""1"", ""OBJECTID"": ""66969420"", ""STARTDATE"": ""1900-01-01"", ""REGIONCODE"": ""77"", ""UPDATEDATE"": ""1900-01-01"", ""PARENTOBJID"": ""66965999""}"
99898926,66970805,66965999,99865301,77,,,,,,1405113.1447085.66965999.66970805,1900-01-01,1900-01-01,2079-06-06,t,"{""ID"": ""99898926"", ""PATH"": ""1405113.1447085.66965999.66970805"", ""NEXTID"": ""0"", ""PREVID"": ""0"", ""ENDDATE"": ""2079-06-06"", ""CHANGEID"": ""99865301"", ""ISACTIVE"": ""1"", ""OBJECTID"": ""66970805"", ""STARTDATE"": ""1900-01-01"", ""REGIONCODE"": ""77"", ""UPDATEDATE"": ""1900-01-01"", ""PARENTOBJID"": ""66965999""}"
99898927,66970811,66970805,99865316,77,,,,,,1405113.1447085.66965999.66970805.66970811,1900-01-01,1900-01-01,2079-06-06,t,"{""ID"": ""99898927"", ""PATH"": ""1405113.1447085.66965999.66970805.66970811"", ""NEXTID"": ""0"", ""PREVID"": ""0"", ""ENDDATE"": ""2079-06-06"", ""CHANGEID"": ""99865316"", ""ISACTIVE"": ""1"", ""OBJECTID"": ""66970811"", ""STARTDATE"": ""1900-01-01"", ""REGIONCODE"": ""77"", ""UPDATEDATE"": ""1900-01-01"", ""PARENTOBJID"": ""66970805""}"
99898928,66971737,66970805,99866724,77,,,,,,1405113.1447085.66965999.66970805.66971737,1900-01-01,1900-01-01,2079-06-06,t,"{""ID"": ""99898928"", ""PATH"": ""1405113.1447085.66965999.66970805.66971737"", ""NEXTID"": ""0"", ""PREVID"": ""0"", ""ENDDATE"": ""2079-06-06"", ""CHANGEID"": ""99866724"", ""ISACTIVE"": ""1"", ""OBJECTID"": ""66971737"", ""STARTDATE"": ""1900-01-01"", ""REGIONCODE"": ""77"", ""UPDATEDATE"": ""1900-01-01"", ""PARENTOBJID"": ""66970805""}"
99898984,66992955,1447085,99897439,77,,,,,,1405113.1447085.66992955,1900-01-01,1900-01-01,2079-06-06,t,"{""ID"": ""99898984"", ""PATH"": ""1405113.1447085.66992955"", ""NEXTID"": ""0"", ""PREVID"": ""0"", ""ENDDATE"": ""2079-06-06"", ""CHANGEID"": ""99897439"", ""ISACTIVE"": ""1"", ""OBJECTID"": ""66992955"", ""STARTDATE"": ""1900-01-01"", ""REGIONCODE"": ""77"", ""UPDATEDATE"": ""1900-01-01"", ""PARENTOBJID"": ""1447085""}"
99898988,66994684,66992955,99900050,77,,,,,,1405113.1447085.66992955.66994684,1900-01-01,1900-01-01,2079-06-06,t,"{""ID"": ""99898988"", ""PATH"": ""1405113.1447085.66992955.66994684"", ""NEXTID"": ""0"", ""PREVID"": ""0"", ""ENDDATE"": ""2079-06-06"", ""CHANGEID"": ""99900050"", ""ISACTIVE"": ""1"", ""OBJECTID"": ""66994684"", ""STARTDATE"": ""1900-01-01"", ""REGIONCODE"": ""77"", ""UPDATEDATE"": ""1900-01-01"", ""PARENTOBJID"": ""66992955""}"
99898989,66995042,66992955,99900547,77,,,,,,1405113.1447085.66992955.66995042,1900-01-01,1900-01-01,2079-06-06,t,"{""ID"": ""99898989"", ""PATH"": ""1405113.1447085.66992955.66995042"", ""NEXTID"": ""0"", ""PREVID"": ""0"", ""ENDDATE"": ""2079-06-06"", ""CHANGEID"": ""99900547"", ""ISACTIVE"": ""1"", ""OBJECTID"": ""66995042"", ""STARTDATE"": ""1900-01-01"", ""REGIONCODE"": ""77"", ""UPDATEDATE"": ""1900-01-01"", ""PARENTOBJID"": ""66992955""}"
99898990,66995177,66992955,99900728,77,,,,,,1405113.1447085.66992955.66995177,1900-01-01,1900-01-01,2079-06-06,t,"{""ID"": ""99898990"", ""PATH"": ""1405113.1447085.66992955.66995177"", ""NEXTID"": ""0"", ""PREVID"": ""0"", ""ENDDATE"": ""2079-06-06"", ""CHANGEID"": ""99900728"", ""ISACTIVE"": ""1"", ""OBJECTID"": ""66995177"", ""STARTDATE"": ""1900-01-01"", ""REGIONCODE"": ""77"", ""UPDATEDATE"": ""1900-01-01"", ""PARENTOBJID"": ""66992955""}"
99898991,66995180,66992955,99900732,77,,,,,,1405113.1447085.66992955.66995180,1900-01-01,1900-01-01,2079-06-06,t,"{""ID"": ""99898991"", ""PATH"": ""1405113.1447085.66992955.66995180"", ""NEXTID"": ""0"", ""PREVID"": ""0"", ""ENDDATE"": ""2079-06-06"", ""CHANGEID"": ""99900732"", ""ISACTIVE"": ""1"", ""OBJECTID"": ""66995180"", ""STARTDATE"": ""1900-01-01"", ""REGIONCODE"": ""77"", ""UPDATEDATE"": ""1900-01-01"", ""PARENTOBJID"": ""66992955""}"
99898992,66995271,66992955,99900897,77,,,,,,1405113.1447085.66992955.66995271,1900-01-01,1900-01-01,2079-06-06,t,"{""ID"": ""99898992"", ""PATH"": ""1405113.1447085.66992955.66995271"", ""NEXTID"": ""0"", ""PREVID"": ""0"", ""ENDDATE"": ""2079-06-06"", ""CHANGEID"": ""99900897"", ""ISACTIVE"": ""1"", ""OBJECTID"": ""66995271"", ""STARTDATE"": ""1900-01-01"", ""REGIONCODE"": ""77"", ""UPDATEDATE"": ""1900-01-01"", ""PARENTOBJID"": ""66992955""}"
99899008,66996580,66992955,99902776,77,,,,,,1405113.1447085.66992955.66996580,1900-01-01,1900-01-01,2079-06-06,t,"{""ID"": ""99899008"", ""PATH"": ""1405113.1447085.66992955.66996580"", ""NEXTID"": ""0"", ""PREVID"": ""0"", ""ENDDATE"": ""2079-06-06"", ""CHANGEID"": ""99902776"", ""ISACTIVE"": ""1"", ""OBJECTID"": ""66996580"", ""STARTDATE"": ""1900-01-01"", ""REGIONCODE"": ""77"", ""UPDATEDATE"": ""1900-01-01"", ""PARENTOBJID"": ""66992955""}"
99899092,67005852,1447085,99915975,77,,,,,,1405113.1447085.67005852,1900-01-01,1900-01-01,2079-06-06,t,"{""ID"": ""99899092"", ""PATH"": ""1405113.1447085.67005852"", ""NEXTID"": ""0"", ""PREVID"": ""0"", ""ENDDATE"": ""2079-06-06"", ""CHANGEID"": ""99915975"", ""ISACTIVE"": ""1"", ""OBJECTID"": ""67005852"", ""STARTDATE"": ""1900-01-01"", ""REGIONCODE"": ""77"", ""UPDATEDATE"": ""1900-01-01"", ""PARENTOBJID"": ""1447085""}"
99899093,67006922,67005852,99917638,77,,,,,,1405113.1447085.67005852.67006922,1900-01-01,1900-01-01,2079-06-06,t,"{""ID"": ""99899093"", ""PATH"": ""1405113.1447085.67005852.67006922"", ""NEXTID"": ""0"", ""PREVID"": ""0"", ""ENDDATE"": ""2079-06-06"", ""CHANGEID"": ""99917638"", ""ISACTIVE"": ""1"", ""OBJECTID"": ""67006922"", ""STARTDATE"": ""1900-01-01"", ""REGIONCODE"": ""77"", ""UPDATEDATE"": ""1900-01-01"", ""PARENTOBJID"": ""67005852""}"
99899094,67007085,67005852,99917836,77,,,,,,1405113.1447085.67005852.67007085,1900-01-01,1900-01-01,2079-06-06,t,"{""ID"": ""99899094"", ""PATH"": ""1405113.1447085.67005852.67007085"", ""NEXTID"": ""0"", ""PREVID"": ""0"", ""ENDDATE"": ""2079-06-06"", ""CHANGEID"": ""99917836"", ""ISACTIVE"": ""1"", ""OBJECTID"": ""67007085"", ""STARTDATE"": ""1900-01-01"", ""REGIONCODE"": ""77"", ""UPDATEDATE"": ""1900-01-01"", ""PARENTOBJID"": ""67005852""}"
99899095,67007138,67005852,99917909,77,,,,,,1405113.1447085.67005852.67007138,1900-01-01,1900-01-01,2079-06-06,t,"{""ID"": ""99899095"", ""PATH"": ""1405113.1447085.67005852.67007138"", ""NEXTID"": ""0"", ""PREVID"": ""0"", ""ENDDATE"": ""2079-06-06"", ""CHANGEID"": ""99917909"", ""ISACTIVE"": ""1"", ""OBJECTID"": ""67007138"", ""STARTDATE"": ""1900-01-01"", ""REGIONCODE"": ""77"", ""UPDATEDATE"": ""1900-01-01"", ""PARENTOBJID"": ""67005852""}"
99899096,67007147,67005852,99917919,77,,,,,,1405113.1447085.67005852.67007147,1900-01-01,1900-01-01,2079-06-06,t,"{""ID"": ""99899096"", ""PATH"": ""1405113.1447085.67005852.67007147"", ""NEXTID"": ""0"", ""PREVID"": ""0"", ""ENDDATE"": ""2079-06-06"", ""CHANGEID"": ""99917919"", ""ISACTIVE"": ""1"", ""OBJECTID"": ""67007147"", ""STARTDATE"": ""1900-01-01"", ""REGIONCODE"": ""77"", ""UPDATEDATE"": ""1900-01-01"", ""PARENTOBJID"": ""67005852""}"
99899097,67007153,67005852,99917926,77,,,,,,1405113.1447085.67005852.67007153,1900-01-01,1900-01-01,2079-06-06,t,"{""ID"": ""99899097"", ""PATH"": ""1405113.1447085.67005852.67007153"", ""NEXTID"": ""0"", ""PREVID"": ""0"", ""ENDDATE"": ""2079-06-06"", ""CHANGEID"": ""99917926"", ""ISACTIVE"": ""1"", ""OBJECTID"": ""67007153"", ""STARTDATE"": ""1900-01-01"", ""REGIONCODE"": ""77"", ""UPDATEDATE"": ""1900-01-01"", ""PARENTOBJID"": ""67005852""}"
99899099,67007793,67005852,99918710,77,,,,,,1405113.1447085.67005852.67007793,1900-01-01,1900-01-01,2079-06-06,t,"{""ID"": ""99899099"", ""PATH"": ""1405113.1447085.67005852.67007793"", ""NEXTID"": ""0"", ""PREVID"": ""0"", ""ENDDATE"": ""2079-06-06"", ""CHANGEID"": ""99918710"", ""ISACTIVE"": ""1"", ""OBJECTID"": ""67007793"", ""STARTDATE"": ""1900-01-01"", ""REGIONCODE"": ""77"", ""UPDATEDATE"": ""1900-01-01"", ""PARENTOBJID"": ""67005852""}"
99899100,67008169,67007793,99919176,77,,,,,,1405113.1447085.67005852.67007793.67008169,1900-01-01,1900-01-01,2079-06-06,t,"{""ID"": ""99899100"", ""PATH"": ""1405113.1447085.67005852.67007793.67008169"", ""NEXTID"": ""0"", ""PREVID"": ""0"", ""ENDDATE"": ""2079-06-06"", ""CHANGEID"": ""99919176"", ""ISACTIVE"": ""1"", ""OBJECTID"": ""67008169"", ""STARTDATE"": ""1900-01-01"", ""REGIONCODE"": ""77"", ""UPDATEDATE"": ""1900-01-01"", ""PARENTOBJID"": ""67007793""}"
99899101,67008777,67007793,99919983,77,,,,,,1405113.1447085.67005852.67007793.67008777,1900-01-01,1900-01-01,2079-06-06,t,"{""ID"": ""99899101"", ""PATH"": ""1405113.1447085.67005852.67007793.67008777"", ""NEXTID"": ""0"", ""PREVID"": ""0"", ""ENDDATE"": ""2079-06-06"", ""CHANGEID"": ""99919983"", ""ISACTIVE"": ""1"", ""OBJECTID"": ""67008777"", ""STARTDATE"": ""1900-01-01"", ""REGIONCODE"": ""77"", ""UPDATEDATE"": ""1900-01-01"", ""PARENTOBJID"": ""67007793""}"
99899190,67020241,1447085,99936378,77,,,,,,1405113.1447085.67020241,1900-01-01,1900-01-01,2079-06-06,t,"{""ID"": ""99899190"", ""PATH"": ""1405113.1447085.67020241"", ""NEXTID"": ""0"", ""PREVID"": ""0"", ""ENDDATE"": ""2079-06-06"", ""CHANGEID"": ""99936378"", ""ISACTIVE"": ""1"", ""OBJECTID"": ""67020241"", ""STARTDATE"": ""1900-01-01"", ""REGIONCODE"": ""77"", ""UPDATEDATE"": ""1900-01-01"", ""PARENTOBJID"": ""1447085""}"
99899191,67022479,67020241,99939471,77,,,,,,1405113.1447085.67020241.67022479,1900-01-01,1900-01-01,2079-06-06,t,"{""ID"": ""99899191"", ""PATH"": ""1405113.1447085.67020241.67022479"", ""NEXTID"": ""0"", ""PREVID"": ""0"", ""ENDDATE"": ""2079-06-06"", ""CHANGEID"": ""99939471"", ""ISACTIVE"": ""1"", ""OBJECTID"": ""67022479"", ""STARTDATE"": ""1900-01-01"", ""REGIONCODE"": ""77"", ""UPDATEDATE"": ""1900-01-01"", ""PARENTOBJID"": ""67020241""}"
99899192,67023052,67020241,99940264,77,,,,,,1405113.1447085.67020241.67023052,1900-01-01,1900-01-01,2079-06-06,t,"{""ID"": ""99899192"", ""PATH"": ""1405113.1447085.67020241.67023052"", ""NEXTID"": ""0"", ""PREVID"": ""0"", ""ENDDATE"": ""2079-06-06"", ""CHANGEID"": ""99940264"", ""ISACTIVE"": ""1"", ""OBJECTID"": ""67023052"", ""STARTDATE"": ""1900-01-01"", ""REGIONCODE"": ""77"", ""UPDATEDATE"": ""1900-01-01"", ""PARENTOBJID"": ""67020241""}"
99899193,67023091,67023052,99940308,77,,,,,,1405113.1447085.67020241.67023052.67023091,1900-01-01,1900-01-01,2079-06-06,t,"{""ID"": ""99899193"", ""PATH"": ""1405113.1447085.67020241.67023052.67023091"", ""NEXTID"": ""0"", ""PREVID"": ""0"", ""ENDDATE"": ""2079-06-06"", ""CHANGEID"": ""99940308"", ""ISACTIVE"": ""1"", ""OBJECTID"": ""67023091"", ""STARTDATE"": ""1900-01-01"", ""REGIONCODE"": ""77"", ""UPDATEDATE"": ""1900-01-01"", ""PARENTOBJID"": ""67023052""}"
99899194,67023128,67023052,99940349,77,,,,,,1405113.1447085.67020241.67023052.67023128,1900-01-01,1900-01-01,2079-06-06,t,"{""ID"": ""99899194"", ""PATH"": ""1405113.1447085.67020241.67023052.67023128"", ""NEXTID"": ""0"", ""PREVID"": ""0"", ""ENDDATE"": ""2079-06-06"", ""CHANGEID"": ""99940349"", ""ISACTIVE"": ""1"", ""OBJECTID"": ""67023128"", ""STARTDATE"": ""1900-01-01"", ""REGIONCODE"": ""77"", ""UPDATEDATE"": ""1900-01-01"", ""PARENTOBJID"": ""67023052""}"
99899198,67023161,67020241,99940381,77,,,,,,1405113.1447085.67020241.67023161,1900-01-01,1900-01-01,2079-06-06,t,"{""ID"": ""99899198"", ""PATH"": ""1405113.1447085.67020241.67023161"", ""NEXTID"": ""0"", ""PREVID"": ""0"", ""ENDDATE"": ""2079-06-06"", ""CHANGEID"": ""99940381"", ""ISACTIVE"": ""1"", ""OBJECTID"": ""67023161"", ""STARTDATE"": ""1900-01-01"", ""REGIONCODE"": ""77"", ""UPDATEDATE"": ""1900-01-01"", ""PARENTOBJID"": ""67020241""}"
99899199,67023168,67020241,99940389,77,,,,,,1405113.1447085.67020241.67023168,1900-01-01,1900-01-01,2079-06-06,t,"{""ID"": ""99899199"", ""PATH"": ""1405113.1447085.67020241.67023168"", ""NEXTID"": ""0"", ""PREVID"": ""0"", ""ENDDATE"": ""2079-06-06"", ""CHANGEID"": ""99940389"", ""ISACTIVE"": ""1"", ""OBJECTID"": ""67023168"", ""STARTDATE"": ""1900-01-01"", ""REGIONCODE"": ""77"", ""UPDATEDATE"": ""1900-01-01"", ""PARENTOBJID"": ""67020241""}"
99899203,67023229,67020241,99940453,77,,,,,,1405113.1447085.67020241.67023229,1900-01-01,1900-01-01,2079-06-06,t,"{""ID"": ""99899203"", ""PATH"": ""1405113.1447085.67020241.67023229"", ""NEXTID"": ""0"", ""PREVID"": ""0"", ""ENDDATE"": ""2079-06-06"", ""CHANGEID"": ""99940453"", ""ISACTIVE"": ""1"", ""OBJECTID"": ""67023229"", ""STARTDATE"": ""1900-01-01"", ""REGIONCODE"": ""77"", ""UPDATEDATE"": ""1900-01-01"", ""PARENTOBJID"": ""67020241""}"
99899265,67032388,1447085,99953632,77,,,,,,1405113.1447085.67032388,1900-01-01,1900-01-01,2079-06-06,t,"{""ID"": ""99899265"", ""PATH"": ""1405113.1447085.67032388"", ""NEXTID"": ""0"", ""PREVID"": ""0"", ""ENDDATE"": ""2079-06-06"", ""CHANGEID"": ""99953632"", ""ISACTIVE"": ""1"", ""OBJECTID"": ""67032388"", ""STARTDATE"": ""1900-01-01"", ""REGIONCODE"": ""77"", ""UPDATEDATE"": ""1900-01-01"", ""PARENTOBJID"": ""1447085""}"
99899266,67034116,67032388,99955608,77,,,,,,1405113.1447085.67032388.67034116,1900-01-01,1900-01-01,2079-06-06,t,"{""ID"": ""99899266"", ""PATH"": ""1405113.1447085.67032388.67034116"", ""NEXTID"": ""0"", ""PREVID"": ""0"", ""ENDDATE"": ""2079-06-06"", ""CHANGEID"": ""99955608"", ""ISACTIVE"": ""1"", ""OBJECTID"": ""67034116"", ""STARTDATE"": ""1900-01-01"", ""REGIONCODE"": ""77"", ""UPDATEDATE"": ""1900-01-01"", ""PARENTOBJID"": ""67032388""}"
99899267,67034562,67032388,99956122,77,,,,,,1405113.1447085.67032388.67034562,1900-01-01,1900-01-01,2079-06-06,t,"{""ID"": ""99899267"", ""PATH"": ""1405113.1447085.67032388.67034562"", ""NEXTID"": ""0"", ""PREVID"": ""0"", ""ENDDATE"": ""2079-06-06"", ""CHANGEID"": ""99956122"", ""ISACTIVE"": ""1"", ""OBJECTID"": ""67034562"", ""STARTDATE"": ""1900-01-01"", ""REGIONCODE"": ""77"", ""UPDATEDATE"": ""1900-01-01"", ""PARENTOBJID"": ""67032388""}"
99899268,67034646,67034562,99956223,77,,,,,,1405113.1447085.67032388.67034562.67034646,1900-01-01,1900-01-01,2079-06-06,t,"{""ID"": ""99899268"", ""PATH"": ""1405113.1447085.67032388.67034562.67034646"", ""NEXTID"": ""0"", ""PREVID"": ""0"", ""ENDDATE"": ""2079-06-06"", ""CHANGEID"": ""99956223"", ""ISACTIVE"": ""1"", ""OBJECTID"": ""67034646"", ""STARTDATE"": ""1900-01-01"", ""REGIONCODE"": ""77"", ""UPDATEDATE"": ""1900-01-01"", ""PARENTOBJID"": ""67034562""}"
99899269,67034712,67034562,99956308,77,,,,,,1405113.1447085.67032388.67034562.67034712,1900-01-01,1900-01-01,2079-06-06,t,"{""ID"": ""99899269"", ""PATH"": ""1405113.1447085.67032388.67034562.67034712"", ""NEXTID"": ""0"", ""PREVID"": ""0"", ""ENDDATE"": ""2079-06-06"", ""CHANGEID"": ""99956308"", ""ISACTIVE"": ""1"", ""OBJECTID"": ""67034712"", ""STARTDATE"": ""1900-01-01"", ""REGIONCODE"": ""77"", ""UPDATEDATE"": ""1900-01-01"", ""PARENTOBJID"": ""67034562""}"
99899273,67035293,67032388,99956991,77,,,,,,1405113.1447085.67032388.67035293,1900-01-01,1900-01-01,2079-06-06,t,"{""ID"": ""99899273"", ""PATH"": ""1405113.1447085.67032388.67035293"", ""NEXTID"": ""0"", ""PREVID"": ""0"", ""ENDDATE"": ""2079-06-06"", ""CHANGEID"": ""99956991"", ""ISACTIVE"": ""1"", ""OBJECTID"": ""67035293"", ""STARTDATE"": ""1900-01-01"", ""REGIONCODE"": ""77"", ""UPDATEDATE"": ""1900-01-01"", ""PARENTOBJID"": ""67032388""}"
99899274,67035306,67032388,99957011,77,,,,,,1405113.1447085.67032388.67035306,1900-01-01,1900-01-01,2079-06-06,t,"{""ID"": ""99899274"", ""PATH"": ""1405113.1447085.67032388.67035306"", ""NEXTID"": ""0"", ""PREVID"": ""0"", ""ENDDATE"": ""2079-06-06"", ""CHANGEID"": ""99957011"", ""ISACTIVE"": ""1"", ""OBJECTID"": ""67035306"", ""STARTDATE"": ""1900-01-01"", ""REGIONCODE"": ""77"", ""UPDATEDATE"": ""1900-01-01"", ""PARENTOBJID"": ""67032388""}"
99899275,67035314,67032388,99957021,77,,,,,,1405113.1447085.67032388.67035314,1900-01-01,1900-01-01,2079-06-06,t,"{""ID"": ""99899275"", ""PATH"": ""1405113.1447085.67032388.67035314"", ""NEXTID"": ""0"", ""PREVID"": ""0"", ""ENDDATE"": ""2079-06-06"", ""CHANGEID"": ""99957021"", ""ISACTIVE"": ""1"", ""OBJECTID"": ""67035314"", ""STARTDATE"": ""1900-01-01"", ""REGIONCODE"": ""77"", ""UPDATEDATE"": ""1900-01-01"", ""PARENTOBJID"": ""67032388""}"
99899287,67036019,1447085,99957801,77,,,,,,1405113.1447085.67036019,1900-01-01,1900-01-01,2079-06-06,t,"{""ID"": ""99899287"", ""PATH"": ""1405113.1447085.67036019"", ""NEXTID"": ""0"", ""PREVID"": ""0"", ""ENDDATE"": ""2079-06-06"", ""CHANGEID"": ""99957801"", ""ISACTIVE"": ""1"", ""OBJECTID"": ""67036019"", ""STARTDATE"": ""1900-01-01"", ""REGIONCODE"": ""77"", ""UPDATEDATE"": ""1900-01-01"", ""PARENTOBJID"": ""1447085""}"
99899431,67054680,1447085,99983162,77,,,,,,1405113.1447085.67054680,1900-01-01,1900-01-01,2079-06-06,t,"{""ID"": ""99899431"", ""PATH"": ""1405113.1447085.67054680"", ""NEXTID"": ""0"", ""PREVID"": ""0"", ""ENDDATE"": ""2079-06-06"", ""CHANGEID"": ""99983162"", ""ISACTIVE"": ""1"", ""OBJECTID"": ""67054680"", ""STARTDATE"": ""1900-01-01"", ""REGIONCODE"": ""77"", ""UPDATEDATE"": ""1900-01-01"", ""PARENTOBJID"": ""1447085""}"
99899446,67055734,67054680,99984596,77,,,,,,1405113.1447085.67054680.67055734,1900-01-01,1900-01-01,2079-06-06,t,"{""ID"": ""99899446"", ""PATH"": ""1405113.1447085.67054680.67055734"", ""NEXTID"": ""0"", ""PREVID"": ""0"", ""ENDDATE"": ""2079-06-06"", ""CHANGEID"": ""99984596"", ""ISACTIVE"": ""1"", ""OBJECTID"": ""67055734"", ""STARTDATE"": ""1900-01-01"", ""REGIONCODE"": ""77"", ""UPDATEDATE"": ""1900-01-01"", ""PARENTOBJID"": ""67054680""}"
99899447,67056049,67054680,99985015,77,,,,,,1405113.1447085.67054680.67056049,1900-01-01,1900-01-01,2079-06-06,t,"{""ID"": ""99899447"", ""PATH"": ""1405113.1447085.67054680.67056049"", ""NEXTID"": ""0"", ""PREVID"": ""0"", ""ENDDATE"": ""2079-06-06"", ""CHANGEID"": ""99985015"", ""ISACTIVE"": ""1"", ""OBJECTID"": ""67056049"", ""STARTDATE"": ""1900-01-01"", ""REGIONCODE"": ""77"", ""UPDATEDATE"": ""1900-01-01"", ""PARENTOBJID"": ""67054680""}"
99899448,67056075,67056049,99985054,77,,,,,,1405113.1447085.67054680.67056049.67056075,1900-01-01,1900-01-01,2079-06-06,t,"{""ID"": ""99899448"", ""PATH"": ""1405113.1447085.67054680.67056049.67056075"", ""NEXTID"": ""0"", ""PREVID"": ""0"", ""ENDDATE"": ""2079-06-06"", ""CHANGEID"": ""99985054"", ""ISACTIVE"": ""1"", ""OBJECTID"": ""67056075"", ""STARTDATE"": ""1900-01-01"", ""REGIONCODE"": ""77"", ""UPDATEDATE"": ""1900-01-01"", ""PARENTOBJID"": ""67056049""}"
99899449,67056114,67056049,99985111,77,,,,,,1405113.1447085.67054680.67056049.67056114,1900-01-01,1900-01-01,2079-06-06,t,"{""ID"": ""99899449"", ""PATH"": ""1405113.1447085.67054680.67056049.67056114"", ""NEXTID"": ""0"", ""PREVID"": ""0"", ""ENDDATE"": ""2079-06-06"", ""CHANGEID"": ""99985111"", ""ISACTIVE"": ""1"", ""OBJECTID"": ""67056114"", ""STARTDATE"": ""1900-01-01"", ""REGIONCODE"": ""77"", ""UPDATEDATE"": ""1900-01-01"", ""PARENTOBJID"": ""67056049""}"
99899450,67056121,67054680,99985119,77,,,,,,1405113.1447085.67054680.67056121,1900-01-01,1900-01-01,2079-06-06,t,"{""ID"": ""99899450"", ""PATH"": ""1405113.1447085.67054680.67056121"", ""NEXTID"": ""0"", ""PREVID"": ""0"", ""ENDDATE"": ""2079-06-06"", ""CHANGEID"": ""99985119"", ""ISACTIVE"": ""1"", ""OBJECTID"": ""67056121"", ""STARTDATE"": ""1900-01-01"", ""REGIONCODE"": ""77"", ""UPDATEDATE"": ""1900-01-01"", ""PARENTOBJID"": ""67054680""}"
99899451,67056124,67054680,99985126,77,,,,,,1405113.1447085.67054680.67056124,1900-01-01,1900-01-01,2079-06-06,t,"{""ID"": ""99899451"", ""PATH"": ""1405113.1447085.67054680.67056124"", ""NEXTID"": ""0"", ""PREVID"": ""0"", ""ENDDATE"": ""2079-06-06"", ""CHANGEID"": ""99985126"", ""ISACTIVE"": ""1"", ""OBJECTID"": ""67056124"", ""STARTDATE"": ""1900-01-01"", ""REGIONCODE"": ""77"", ""UPDATEDATE"": ""1900-01-01"", ""PARENTOBJID"": ""67054680""}"
99899452,67056167,67054680,99985177,77,,,,,,1405113.1447085.67054680.67056167,1900-01-01,1900-01-01,2079-06-06,t,"{""ID"": ""99899452"", ""PATH"": ""1405113.1447085.67054680.67056167"", ""NEXTID"": ""0"", ""PREVID"": ""0"", ""ENDDATE"": ""2079-06-06"", ""CHANGEID"": ""99985177"", ""ISACTIVE"": ""1"", ""OBJECTID"": ""67056167"", ""STARTDATE"": ""1900-01-01"", ""REGIONCODE"": ""77"", ""UPDATEDATE"": ""1900-01-01"", ""PARENTOBJID"": ""67054680""}"
99899304,67057052,1447085,99986371,77,,,,,,1405113.1447085.67057052,1900-01-01,1900-01-01,2079-06-06,t,"{""ID"": ""99899304"", ""PATH"": ""1405113.1447085.67057052"", ""NEXTID"": ""0"", ""PREVID"": ""0"", ""ENDDATE"": ""2079-06-06"", ""CHANGEID"": ""99986371"", ""ISACTIVE"": ""1"", ""OBJECTID"": ""67057052"", ""STARTDATE"": ""1900-01-01"", ""REGIONCODE"": ""77"", ""UPDATEDATE"": ""1900-01-01"", ""PARENTOBJID"": ""1447085""}"
99899305,67058987,67057052,99989334,77,,,,,,1405113.1447085.67057052.67058987,1900-01-01,1900-01-01,2079-06-06,t,"{""ID"": ""99899305"", ""PATH"": ""1405113.1447085.67057052.67058987"", ""NEXTID"": ""0"", ""PREVID"": ""0"", ""ENDDATE"": ""2079-06-06"", ""CHANGEID"": ""99989334"", ""ISACTIVE"": ""1"", ""OBJECTID"": ""67058987"", ""STARTDATE"": ""1900-01-01"", ""REGIONCODE"": ""77"", ""UPDATEDATE"": ""1900-01-01"", ""PARENTOBJID"": ""67057052""}"
99899306,67059187,67057052,99989646,77,,,,,,1405113.1447085.67057052.67059187,1900-01-01,1900-01-01,2079-06-06,t,"{""ID"": ""99899306"", ""PATH"": ""1405113.1447085.67057052.67059187"", ""NEXTID"": ""0"", ""PREVID"": ""0"", ""ENDDATE"": ""2079-06-06"", ""CHANGEID"": ""99989646"", ""ISACTIVE"": ""1"", ""OBJECTID"": ""67059187"", ""STARTDATE"": ""1900-01-01"", ""REGIONCODE"": ""77"", ""UPDATEDATE"": ""1900-01-01"", ""PARENTOBJID"": ""67057052""}"
99899307,67059491,67057052,99990107,77,,,,,,1405113.1447085.67057052.67059491,1900-01-01,1900-01-01,2079-06-06,t,"{""ID"": ""99899307"", ""PATH"": ""1405113.1447085.67057052.67059491"", ""NEXTID"": ""0"", ""PREVID"": ""0"", ""ENDDATE"": ""2079-06-06"", ""CHANGEID"": ""99990107"", ""ISACTIVE"": ""1"", ""OBJECTID"": ""67059491"", ""STARTDATE"": ""1900-01-01"", ""REGIONCODE"": ""77"", ""UPDATEDATE"": ""1900-01-01"", ""PARENTOBJID"": ""67057052""}"
99899308,67059496,67057052,99990117,77,,,,,,1405113.1447085.67057052.67059496,1900-01-01,1900-01-01,2079-06-06,t,"{""ID"": ""99899308"", ""PATH"": ""1405113.1447085.67057052.67059496"", ""NEXTID"": ""0"", ""PREVID"": ""0"", ""ENDDATE"": ""2079-06-06"", ""CHANGEID"": ""99990117"", ""ISACTIVE"": ""1"", ""OBJECTID"": ""67059496"", ""STARTDATE"": ""1900-01-01"", ""REGIONCODE"": ""77"", ""UPDATEDATE"": ""1900-01-01"", ""PARENTOBJID"": ""67057052""}"
99899309,67059682,67057052,99990389,77,,,,,,1405113.1447085.67057052.67059682,1900-01-01,1900-01-01,2079-06-06,t,"{""ID"": ""99899309"", ""PATH"": ""1405113.1447085.67057052.67059682"", ""NEXTID"": ""0"", ""PREVID"": ""0"", ""ENDDATE"": ""2079-06-06"", ""CHANGEID"": ""99990389"", ""ISACTIVE"": ""1"", ""OBJECTID"": ""67059682"", ""STARTDATE"": ""1900-01-01"", ""REGIONCODE"": ""77"", ""UPDATEDATE"": ""1900-01-01"", ""PARENTOBJID"": ""67057052""}"
99899315,67060274,67057052,99991281,77,,,,,,1405113.1447085.67057052.67060274,1900-01-01,1900-01-01,2079-06-06,t,"{""ID"": ""99899315"", ""PATH"": ""1405113.1447085.67057052.67060274"", ""NEXTID"": ""0"", ""PREVID"": ""0"", ""ENDDATE"": ""2079-06-06"", ""CHANGEID"": ""99991281"", ""ISACTIVE"": ""1"", ""OBJECTID"": ""67060274"", ""STARTDATE"": ""1900-01-01"", ""REGIONCODE"": ""77"", ""UPDATEDATE"": ""1900-01-01"", ""PARENTOBJID"": ""67057052""}"
99899316,67060477,67060274,99991595,77,,,,,,1405113.1447085.67057052.67060274.67060477,1900-01-01,1900-01-01,2079-06-06,t,"{""ID"": ""99899316"", ""PATH"": ""1405113.1447085.67057052.67060274.67060477"", ""NEXTID"": ""0"", ""PREVID"": ""0"", ""ENDDATE"": ""2079-06-06"", ""CHANGEID"": ""99991595"", ""ISACTIVE"": ""1"", ""OBJECTID"": ""67060477"", ""STARTDATE"": ""1900-01-01"", ""REGIONCODE"": ""77"", ""UPDATEDATE"": ""1900-01-01"", ""PARENTOBJID"": ""67060274""}"
99899317,67060862,67060274,99992142,77,,,,,,1405113.1447085.67057052.67060274.67060862,1900-01-01,1900-01-01,2079-06-06,t,"{""ID"": ""99899317"", ""PATH"": ""1405113.1447085.67057052.67060274.67060862"", ""NEXTID"": ""0"", ""PREVID"": ""0"", ""ENDDATE"": ""2079-06-06"", ""CHANGEID"": ""99992142"", ""ISACTIVE"": ""1"", ""OBJECTID"": ""67060862"", ""STARTDATE"": ""1900-01-01"", ""REGIONCODE"": ""77"", ""UPDATEDATE"": ""1900-01-01"", ""PARENTOBJID"": ""67060274""}"
99899600,67072689,1447085,100009809,77,,,,,,1405113.1447085.67072689,1900-01-01,1900-01-01,2079-06-06,t,"{""ID"": ""99899600"", ""PATH"": ""1405113.1447085.67072689"", ""NEXTID"": ""0"", ""PREVID"": ""0"", ""ENDDATE"": ""2079-06-06"", ""CHANGEID"": ""100009809"", ""ISACTIVE"": ""1"", ""OBJECTID"": ""67072689"", ""STARTDATE"": ""1900-01-01"", ""REGIONCODE"": ""77"", ""UPDATEDATE"": ""1900-01-01"", ""PARENTOBJID"": ""1447085""}"
99899675,67083832,1447085,100026477,77,,,,,,1405113.1447085.67083832,1900-01-01,1900-01-01,2079-06-06,t,"{""ID"": ""99899675"", ""PATH"": ""1405113.1447085.67083832"", ""NEXTID"": ""0"", ""PREVID"": ""0"", ""ENDDATE"": ""2079-06-06"", ""CHANGEID"": ""100026477"", ""ISACTIVE"": ""1"", ""OBJECTID"": ""67083832"", ""STARTDATE"": ""1900-01-01"", ""REGIONCODE"": ""77"", ""UPDATEDATE"": ""1900-01-01"", ""PARENTOBJID"": ""1447085""}"
99899676,67086218,67083832,100030190,77,,,,,,1405113.1447085.67083832.67086218,1900-01-01,1900-01-01,2079-06-06,t,"{""ID"": ""99899676"", ""PATH"": ""1405113.1447085.67083832.67086218"", ""NEXTID"": ""0"", ""PREVID"": ""0"", ""ENDDATE"": ""2079-06-06"", ""CHANGEID"": ""100030190"", ""ISACTIVE"": ""1"", ""OBJECTID"": ""67086218"", ""STARTDATE"": ""1900-01-01"", ""REGIONCODE"": ""77"", ""UPDATEDATE"": ""1900-01-01"", ""PARENTOBJID"": ""67083832""}"
99899677,67086246,67083832,100030232,77,,,,,,1405113.1447085.67083832.67086246,1900-01-01,1900-01-01,2079-06-06,t,"{""ID"": ""99899677"", ""PATH"": ""1405113.1447085.67083832.67086246"", ""NEXTID"": ""0"", ""PREVID"": ""0"", ""ENDDATE"": ""2079-06-06"", ""CHANGEID"": ""100030232"", ""ISACTIVE"": ""1"", ""OBJECTID"": ""67086246"", ""STARTDATE"": ""1900-01-01"", ""REGIONCODE"": ""77"", ""UPDATEDATE"": ""1900-01-01"", ""PARENTOBJID"": ""67083832""}"
99899678,67086280,67083832,100030280,77,,,,,,1405113.1447085.67083832.67086280,1900-01-01,1900-01-01,2079-06-06,t,"{""ID"": ""99899678"", ""PATH"": ""1405113.1447085.67083832.67086280"", ""NEXTID"": ""0"", ""PREVID"": ""0"", ""ENDDATE"": ""2079-06-06"", ""CHANGEID"": ""100030280"", ""ISACTIVE"": ""1"", ""OBJECTID"": ""67086280"", ""STARTDATE"": ""1900-01-01"", ""REGIONCODE"": ""77"", ""UPDATEDATE"": ""1900-01-01"", ""PARENTOBJID"": ""67083832""}"
99899679,67086330,67083832,100030345,77,,,,,,1405113.1447085.67083832.67086330,1900-01-01,1900-01-01,2079-06-06,t,"{""ID"": ""99899679"", ""PATH"": ""1405113.1447085.67083832.67086330"", ""NEXTID"": ""0"", ""PREVID"": ""0"", ""ENDDATE"": ""2079-06-06"", ""CHANGEID"": ""100030345"", ""ISACTIVE"": ""1"", ""OBJECTID"": ""67086330"", ""STARTDATE"": ""1900-01-01"", ""REGIONCODE"": ""77"", ""UPDATEDATE"": ""1900-01-01"", ""PARENTOBJID"": ""67083832""}"
99899680,67086336,67083832,100030352,77,,,,,,1405113.1447085.67083832.67086336,1900-01-01,1900-01-01,2079-06-06,t,"{""ID"": ""99899680"", ""PATH"": ""1405113.1447085.67083832.67086336"", ""NEXTID"": ""0"", ""PREVID"": ""0"", ""ENDDATE"": ""2079-06-06"", ""CHANGEID"": ""100030352"", ""ISACTIVE"": ""1"", ""OBJECTID"": ""67086336"", ""STARTDATE"": ""1900-01-01"", ""REGIONCODE"": ""77"", ""UPDATEDATE"": ""1900-01-01"", ""PARENTOBJID"": ""67083832""}"
99899685,67086685,67083832,100030974,77,,,,,,1405113.1447085.67083832.67086685,1900-01-01,1900-01-01,2079-06-06,t,"{""ID"": ""99899685"", ""PATH"": ""1405113.1447085.67083832.67086685"", ""NEXTID"": ""0"", ""PREVID"": ""0"", ""ENDDATE"": ""2079-06-06"", ""CHANGEID"": ""100030974"", ""ISACTIVE"": ""1"", ""OBJECTID"": ""67086685"", ""STARTDATE"": ""1900-01-01"", ""REGIONCODE"": ""77"", ""UPDATEDATE"": ""1900-01-01"", ""PARENTOBJID"": ""67083832""}"
99899686,67086695,67086685,100030990,77,,,,,,1405113.1447085.67083832.67086685.67086695,1900-01-01,1900-01-01,2079-06-06,t,"{""ID"": ""99899686"", ""PATH"": ""1405113.1447085.67083832.67086685.67086695"", ""NEXTID"": ""0"", ""PREVID"": ""0"", ""ENDDATE"": ""2079-06-06"", ""CHANGEID"": ""100030990"", ""ISACTIVE"": ""1"", ""OBJECTID"": ""67086695"", ""STARTDATE"": ""1900-01-01"", ""REGIONCODE"": ""77"", ""UPDATEDATE"": ""1900-01-01"", ""PARENTOBJID"": ""67086685""}"
99899687,67086709,67086685,100031014,77,,,,,,1405113.1447085.67083832.67086685.67086709,1900-01-01,1900-01-01,2079-06-06,t,"{""ID"": ""99899687"", ""PATH"": ""1405113.1447085.67083832.67086685.67086709"", ""NEXTID"": ""0"", ""PREVID"": ""0"", ""ENDDATE"": ""2079-06-06"", ""CHANGEID"": ""100031014"", ""ISACTIVE"": ""1"", ""OBJECTID"": ""67086709"", ""STARTDATE"": ""1900-01-01"", ""REGIONCODE"": ""77"", ""UPDATEDATE"": ""1900-01-01"", ""PARENTOBJID"": ""67086685""}"
99899742,86491480,1447085,128290015,77,,,,,,1405113.1447085.86491480,2017-01-20,2017-01-20,2079-06-06,t,"{""ID"": ""99899742"", ""PATH"": ""1405113.1447085.86491480"", ""NEXTID"": ""0"", ""PREVID"": ""0"", ""ENDDATE"": ""2079-06-06"", ""CHANGEID"": ""128290015"", ""ISACTIVE"": ""1"", ""OBJECTID"": ""86491480"", ""STARTDATE"": ""2017-01-20"", ""REGIONCODE"": ""77"", ""UPDATEDATE"": ""2017-01-20"", ""PARENTOBJID"": ""1447085""}"
99899743,87934231,1447085,130134412,77,,,,,,1405113.1447085.87934231,2019-02-14,2019-02-14,2079-06-06,t,"{""ID"": ""99899743"", ""PATH"": ""1405113.1447085.87934231"", ""NEXTID"": ""0"", ""PREVID"": ""0"", ""ENDDATE"": ""2079-06-06"", ""CHANGEID"": ""130134412"", ""ISACTIVE"": ""1"", ""OBJECTID"": ""87934231"", ""STARTDATE"": ""2019-02-14"", ""REGIONCODE"": ""77"", ""UPDATEDATE"": ""2019-02-14"", ""PARENTOBJID"": ""1447085""}"
114135898,97075954,67036019,151762680,77,,,,,,1405113.1447085.67036019.97075954,2020-06-10,2020-06-10,2079-06-06,t,"{""ID"": ""114135898"", ""PATH"": ""1405113.1447085.67036019.97075954"", ""NEXTID"": ""0"", ""PREVID"": ""0"", ""ENDDATE"": ""2079-06-06"", ""CHANGEID"": ""151762680"", ""ISACTIVE"": ""1"", ""OBJECTID"": ""97075954"", ""STARTDATE"": ""2020-06-10"", ""REGIONCODE"": ""77"", ""UPDATEDATE"": ""2020-06-10"", ""PARENTOBJID"": ""67036019""}"
114135899,97075955,67036019,151762681,77,,,,,,1405113.1447085.67036019.97075955,2020-06-10,2020-06-10,2079-06-06,t,"{""ID"": ""114135899"", ""PATH"": ""1405113.1447085.67036019.97075955"", ""NEXTID"": ""0"", ""PREVID"": ""0"", ""ENDDATE"": ""2079-06-06"", ""CHANGEID"": ""151762681"", ""ISACTIVE"": ""1"", ""OBJECTID"": ""97075955"", ""STARTDATE"": ""2020-06-10"", ""REGIONCODE"": ""77"", ""UPDATEDATE"": ""2020-06-10"", ""PARENTOBJID"": ""67036019""}"
114135900,97075956,67036019,151762682,77,,,,,,1405113.1447085.67036019.97075956,2020-06-10,2020-06-10,2079-06-06,t,"{""ID"": ""114135900"", ""PATH"": ""1405113.1447085.67036019.97075956"", ""NEXTID"": ""0"", ""PREVID"": ""0"", ""ENDDATE"": ""2079-06-06"", ""CHANGEID"": ""151762682"", ""ISACTIVE"": ""1"", ""OBJECTID"": ""97075956"", ""STARTDATE"": ""2020-06-10"", ""REGIONCODE"": ""77"", ""UPDATEDATE"": ""2020-06-10"", ""PARENTOBJID"": ""67036019""}"
114135901,97075957,67036019,151762683,77,,,,,,1405113.1447085.67036019.97075957,2020-06-10,2020-06-10,2079-06-06,t,"{""ID"": ""114135901"", ""PATH"": ""1405113.1447085.67036019.97075957"", ""NEXTID"": ""0"", ""PREVID"": ""0"", ""ENDDATE"": ""2079-06-06"", ""CHANGEID"": ""151762683"", ""ISACTIVE"": ""1"", ""OBJECTID"": ""97075957"", ""STARTDATE"": ""2020-06-10"", ""REGIONCODE"": ""77"", ""UPDATEDATE"": ""2020-06-10"", ""PARENTOBJID"": ""67036019""}"
114135902,97075958,67036019,151762684,77,,,,,,1405113.1447085.67036019.97075958,2020-06-10,2020-06-10,2079-06-06,t,"{""ID"": ""114135902"", ""PATH"": ""1405113.1447085.67036019.97075958"", ""NEXTID"": ""0"", ""PREVID"": ""0"", ""ENDDATE"": ""2079-06-06"", ""CHANGEID"": ""151762684"", ""ISACTIVE"": ""1"", ""OBJECTID"": ""97075958"", ""STARTDATE"": ""2020-06-10"", ""REGIONCODE"": ""77"", ""UPDATEDATE"": ""2020-06-10"", ""PARENTOBJID"": ""67036019""}"
114136071,97076127,67072689,151762926,77,,,,,,1405113.1447085.67072689.97076127,2020-06-10,2020-06-10,2079-06-06,t,"{""ID"": ""114136071"", ""PATH"": ""1405113.1447085.67072689.97076127"", ""NEXTID"": ""0"", ""PREVID"": ""0"", ""ENDDATE"": ""2079-06-06"", ""CHANGEID"": ""151762926"", ""ISACTIVE"": ""1"", ""OBJECTID"": ""97076127"", ""STARTDATE"": ""2020-06-10"", ""REGIONCODE"": ""77"", ""UPDATEDATE"": ""2020-06-10"", ""PARENTOBJID"": ""67072689""}"
114136072,97076128,67072689,151762927,77,,,,,,1405113.1447085.67072689.97076128,2020-06-10,2020-06-10,2079-06-06,t,"{""ID"": ""114136072"", ""PATH"": ""1405113.1447085.67072689.97076128"", ""NEXTID"": ""0"", ""PREVID"": ""0"", ""ENDDATE"": ""2079-06-06"", ""CHANGEID"": ""151762927"", ""ISACTIVE"": ""1"", ""OBJECTID"": ""97076128"", ""STARTDATE"": ""2020-06-10"", ""REGIONCODE"": ""77"", ""UPDATEDATE"": ""2020-06-10"", ""PARENTOBJID"": ""67072689""}"
114136073,97076129,67072689,151762928,77,,,,,,1405113.1447085.67072689.97076129,2020-06-10,2020-06-10,2079-06-06,t,"{""ID"": ""114136073"", ""PATH"": ""1405113.1447085.67072689.97076129"", ""NEXTID"": ""0"", ""PREVID"": ""0"", ""ENDDATE"": ""2079-06-06"", ""CHANGEID"": ""151762928"", ""ISACTIVE"": ""1"", ""OBJECTID"": ""97076129"", ""STARTDATE"": ""2020-06-10"", ""REGIONCODE"": ""77"", ""UPDATEDATE"": ""2020-06-10"", ""PARENTOBJID"": ""67072689""}"
114136074,97076130,67072689,151762929,77,,,,,,1405113.1447085.67072689.97076130,2020-06-10,2020-06-10,2079-06-06,t,"{""ID"": ""114136074"", ""PATH"": ""1405113.1447085.67072689.97076130"", ""NEXTID"": ""0"", ""PREVID"": ""0"", ""ENDDATE"": ""2079-06-06"", ""CHANGEID"": ""151762929"", ""ISACTIVE"": ""1"", ""OBJECTID"": ""97076130"", ""STARTDATE"": ""2020-06-10"", ""REGIONCODE"": ""77"", ""UPDATEDATE"": ""2020-06-10"", ""PARENTOBJID"": ""67072689""}"
114136075,97076131,67072689,151762930,77,,,,,,1405113.1447085.67072689.97076131,2020-06-10,2020-06-10,2079-06-06,t,"{""ID"": ""114136075"", ""PATH"": ""1405113.1447085.67072689.97076131"", ""NEXTID"": ""0"", ""PREVID"": ""0"", ""ENDDATE"": ""2079-06-06"", ""CHANGEID"": ""151762930"", ""ISACTIVE"": ""1"", ""OBJECTID"": ""97076131"", ""STARTDATE"": ""2020-06-10"", ""REGIONCODE"": ""77"", ""UPDATEDATE"": ""2020-06-10"", ""PARENTOBJID"": ""67072689""}"
120227126,102354797,67036019,215582475,77,,,,,,1405113.1447085.67036019.102354797,2021-09-06,2021-09-06,2079-06-06,t,"{""ID"": ""120227126"", ""PATH"": ""1405113.1447085.67036019.102354797"", ""NEXTID"": ""0"", ""PREVID"": ""0"", ""ENDDATE"": ""2079-06-06"", ""CHANGEID"": ""215582475"", ""ISACTIVE"": ""1"", ""OBJECTID"": ""102354797"", ""STARTDATE"": ""2021-09-06"", ""REGIONCODE"": ""77"", ""UPDATEDATE"": ""2021-09-06"", ""PARENTOBJID"": ""67036019""}"
120228936,102356596,67072689,215585738,77,,,,,,1405113.1447085.67072689.102356596,2021-09-06,2021-09-06,2079-06-06,t,"{""ID"": ""120228936"", ""PATH"": ""1405113.1447085.67072689.102356596"", ""NEXTID"": ""0"", ""PREVID"": ""0"", ""ENDDATE"": ""2079-06-06"", ""CHANGEID"": ""215585738"", ""ISACTIVE"": ""1"", ""OBJECTID"": ""102356596"", ""STARTDATE"": ""2021-09-06"", ""REGIONCODE"": ""77"", ""UPDATEDATE"": ""2021-09-06"", ""PARENTOBJID"": ""67072689""}"
120228937,102356597,67072689,215585739,77,,,,,,1405113.1447085.67072689.102356597,2021-09-06,2021-09-06,2079-06-06,t,"{""ID"": ""120228937"", ""PATH"": ""1405113.1447085.67072689.102356597"", ""NEXTID"": ""0"", ""PREVID"": ""0"", ""ENDDATE"": ""2079-06-06"", ""CHANGEID"": ""215585739"", ""ISACTIVE"": ""1"", ""OBJECTID"": ""102356597"", ""STARTDATE"": ""2021-09-06"", ""REGIONCODE"": ""77"", ""UPDATEDATE"": ""2021-09-06"", ""PARENTOBJID"": ""67072689""}"
123241815,104922674,66996580,286288966,77,,,,,,1405113.1447085.66992955.66996580.104922674,2022-07-06,2022-07-06,2079-06-06,t,"{""ID"": ""123241815"", ""PATH"": ""1405113.1447085.66992955.66996580.104922674"", ""NEXTID"": ""0"", ""PREVID"": ""0"", ""ENDDATE"": ""2079-06-06"", ""CHANGEID"": ""286288966"", ""ISACTIVE"": ""1"", ""OBJECTID"": ""104922674"", ""STARTDATE"": ""2022-07-06"", ""REGIONCODE"": ""77"", ""UPDATEDATE"": ""2022-07-06"", ""PARENTOBJID"": ""66996580""}"
123294104,104973484,67036019,286617401,77,,,,,,1405113.1447085.67036019.104973484,2022-07-13,2022-07-13,2079-06-06,t,"{""ID"": ""123294104"", ""PATH"": ""1405113.1447085.67036019.104973484"", ""NEXTID"": ""0"", ""PREVID"": ""0"", ""ENDDATE"": ""2079-06-06"", ""CHANGEID"": ""286617401"", ""ISACTIVE"": ""1"", ""OBJECTID"": ""104973484"", ""STARTDATE"": ""2022-07-13"", ""REGIONCODE"": ""77"", ""UPDATEDATE"": ""2022-07-13"", ""PARENTOBJID"": ""67036019""}"
