id,object_id,object_guid,change_id,number,apart_number,apart_type,operation_type_id,update_date,start_date,end_date,is_actual,is_active,raw_attributes
39928568,66969104,07173898-7e5f-49ca-ba9d-d1b30b11bdb2,99862693,12,,2,10,2019-04-08,1900-01-01,2079-06-06,t,t,"{""ID"": ""39928568"", ""NEXTID"": ""0"", ""NUMBER"": ""12"", ""PREVID"": ""0"", ""ENDDATE"": ""2079-06-06"", ""CHANGEID"": ""99862693"", ""ISACTIVE"": ""1"", ""ISACTUAL"": ""1"", ""OBJECTID"": ""66969104"", ""APARTTYPE"": ""2"", ""STARTDATE"": ""1900-01-01"", ""OBJECTGUID"": ""07173898-7e5f-49ca-ba9d-d1b30b11bdb2"", ""OPERTYPEID"": ""10"", ""UPDATEDATE"": ""2019-04-08""}"
39928577,66969287,0729775a-d169-4132-8c6e-541e55fe439d,99862923,41,,2,10,2019-04-08,1900-01-01,2079-06-06,t,t,"{""ID"": ""39928577"", ""NEXTID"": ""0"", ""NUMBER"": ""41"", ""PREVID"": ""0"", ""ENDDATE"": ""2079-06-06"", ""CHANGEID"": ""99862923"", ""ISACTIVE"": ""1"", ""ISACTUAL"": ""1"", ""OBJECTID"": ""66969287"", ""APARTTYPE"": ""2"", ""STARTDATE"": ""1900-01-01"", ""OBJECTGUID"": ""0729775a-d169-4132-8c6e-541e55fe439d"", ""OPERTYPEID"": ""10"", ""UPDATEDATE"": ""2019-04-08""}"
39928621,66969410,0c73d61c-6e39-4fe4-8440-0cf86736892f,99863105,20,,2,10,2019-04-08,1900-01-01,2079-06-06,t,t,"{""ID"": ""39928621"", ""NEXTID"": ""0"", ""NUMBER"": ""20"", ""PREVID"": ""0"", ""ENDDATE"": ""2079-06-06"", ""CHANGEID"": ""99863105"", ""ISACTIVE"": ""1"", ""ISACTUAL"": ""1"", ""OBJECTID"": ""66969410"", ""APARTTYPE"": ""2"", ""STARTDATE"": ""1900-01-01"", ""OBJECTGUID"": ""0c73d61c-6e39-4fe4-8440-0cf86736892f"", ""OPERTYPEID"": ""10"", ""UPDATEDATE"": ""2019-04-08""}"
39928627,66969416,0e43d648-4a17-43fb-8533-fcb2d3d7c2a6,99863117,36,,2,10,2019-04-08,1900-01-01,2079-06-06,t,t,"{""ID"": ""39928627"", ""NEXTID"": ""0"", ""NUMBER"": ""36"", ""PREVID"": ""0"", ""ENDDATE"": ""2079-06-06"", ""CHANGEID"": ""99863117"", ""ISACTIVE"": ""1"", ""ISACTUAL"": ""1"", ""OBJECTID"": ""66969416"", ""APARTTYPE"": ""2"", ""STARTDATE"": ""1900-01-01"", ""OBJECTGUID"": ""0e43d648-4a17-43fb-8533-fcb2d3d7c2a6"", ""OPERTYPEID"": ""10"", ""UPDATEDATE"": ""2019-04-08""}"
39928631,66969420,1b53a473-1404-40d1-9c36-b74fc6be1136,99863125,29,,2,10,2019-04-08,1900-01-01,2079-06-06,t,t,"{""ID"": ""39928631"", ""NEXTID"": ""0"", ""NUMBER"": ""29"", ""PREVID"": ""0"", ""ENDDATE"": ""2079-06-06"", ""CHANGEID"": ""99863125"", ""ISACTIVE"": ""1"", ""ISACTUAL"": ""1"", ""OBJECTID"": ""66969420"", ""APARTTYPE"": ""2"", ""STARTDATE"": ""1900-01-01"", ""OBJECTGUID"": ""1b53a473-1404-40d1-9c36-b74fc6be1136"", ""OPERTYPEID"": ""10"", ""UPDATEDATE"": ""2019-04-08""}"
39929333,66970805,85526123-2faf-455c-bc2c-b2324b463191,99865301,2,,2,10,2019-08-30,1900-01-01,2079-06-06,t,t,"{""ID"": ""39929333"", ""NEXTID"": ""0"", ""NUMBER"": ""2"", ""PREVID"": ""0"", ""ENDDATE"": ""2079-06-06"", ""CHANGEID"": ""99865301"", ""ISACTIVE"": ""1"", ""ISACTUAL"": ""1"", ""OBJECTID"": ""66970805"", ""APARTTYPE"": ""2"", ""STARTDATE"": ""1900-01-01"", ""OBJECTGUID"": ""85526123-2faf-455c-bc2c-b2324b463191"", ""OPERTYPEID"": ""10"", ""UPDATEDATE"": ""2019-08-30""}"
39943298,66994684,1aaff8b1-d430-4ea4-a9e8-cd12a7de7a45,99900050,26,,2,10,2019-08-08,1900-01-01,2079-06-06,t,t,"{""ID"": ""39943298"", ""NEXTID"": ""0"", ""NUMBER"": ""26"", ""PREVID"": ""0"", ""ENDDATE"": ""2079-06-06"", ""CHANGEID"": ""99900050"", ""ISACTIVE"": ""1"", ""ISACTUAL"": ""1"", ""OBJECTID"": ""66994684"", ""APARTTYPE"": ""2"", ""STARTDATE"": ""1900-01-01"", ""OBJECTGUID"": ""1aaff8b1-d430-4ea4-a9e8-cd12a7de7a45"", ""OPERTYPEID"": ""10"", ""UPDATEDATE"": ""2019-08-08""}"
39943528,66995042,418b0b8e-2aa2-40ae-b7de-e8d00cab97e2,99900547,19,,2,10,2019-08-08,1900-01-01,2079-06-06,t,t,"{""ID"": ""39943528"", ""NEXTID"": ""0"", ""NUMBER"": ""19"", ""PREVID"": ""0"", ""ENDDATE"": ""2079-06-06"", ""CHANGEID"": ""99900547"", ""ISACTIVE"": ""1"", ""ISACTUAL"": ""1"", ""OBJECTID"": ""66995042"", ""APARTTYPE"": ""2"", ""STARTDATE"": ""1900-01-01"", ""OBJECTGUID"": ""418b0b8e-2aa2-40ae-b7de-e8d00cab97e2"", ""OPERTYPEID"": ""10"", ""UPDATEDATE"": ""2019-08-08""}"
39943575,66995177,4d6bd7bf-7d87-4b4c-857d-b9dd3739978a,99900728,36,,2,10,2019-04-08,1900-01-01,2079-06-06,t,t,"{""ID"": ""39943575"", ""NEXTID"": ""0"", ""NUMBER"": ""36"", ""PREVID"": ""0"", ""ENDDATE"": ""2079-06-06"", ""CHANGEID"": ""99900728"", ""ISACTIVE"": ""1"", ""ISACTUAL"": ""1"", ""OBJECTID"": ""66995177"", ""APARTTYPE"": ""2"", ""STARTDATE"": ""1900-01-01"", ""OBJECTGUID"": ""4d6bd7bf-7d87-4b4c-857d-b9dd3739978a"", ""OPERTYPEID"": ""10"", ""UPDATEDATE"": ""2019-04-08""}"
39943576,66995180,5123555d-a657-4961-a964-4ed79c3c79cf,99900732,35,,2,10,2019-04-08,1900-01-01,2079-06-06,t,t,"{""ID"": ""39943576"", ""NEXTID"": ""0"", ""NUMBER"": ""35"", ""PREVID"": ""0"", ""ENDDATE"": ""2079-06-06"", ""CHANGEID"": ""99900732"", ""ISACTIVE"": ""1"", ""ISACTUAL"": ""1"", ""OBJECTID"": ""66995180"", ""APARTTYPE"": ""2"", ""STARTDATE"": ""1900-01-01"", ""OBJECTGUID"": ""5123555d-a657-4961-a964-4ed79c3c79cf"", ""OPERTYPEID"": ""10"", ""UPDATEDATE"": ""2019-04-08""}"
39943619,66995271,584604a4-1e34-4c41-8c21-f6cbd93520b1,99900897,34,,2,10,2019-04-08,1900-01-01,2079-06-06,t,t,"{""ID"": ""39943619"", ""NEXTID"": ""0"", ""NUMBER"": ""34"", ""PREVID"": ""0"", ""ENDDATE"": ""2079-06-06"", ""CHANGEID"": ""99900897"", ""ISACTIVE"": ""1"", ""ISACTUAL"": ""1"", ""OBJECTID"": ""66995271"", ""APARTTYPE"": ""2"", ""STARTDATE"": ""1900-01-01"", ""OBJECTGUID"": ""584604a4-1e34-4c41-8c21-f6cbd93520b1"", ""OPERTYPEID"": ""10"", ""UPDATEDATE"": ""2019-04-08""}"
39944468,66996580,dbb983a9-0803-4a70-9493-e5977fc70244,99902776,24,,2,10,2019-08-08,1900-01-01,2079-06-06,t,t,"{""ID"": ""39944468"", ""NEXTID"": ""0"", ""NUMBER"": ""24"", ""PREVID"": ""0"", ""ENDDATE"": ""2079-06-06"", ""CHANGEID"": ""99902776"", ""ISACTIVE"": ""1"", ""ISACTUAL"": ""1"", ""OBJECTID"": ""66996580"", ""APARTTYPE"": ""2"", ""STARTDATE"": ""1900-01-01"", ""OBJECTGUID"": ""dbb983a9-0803-4a70-9493-e5977fc70244"", ""OPERTYPEID"": ""10"", ""UPDATEDATE"": ""2019-08-08""}"
39950994,67006922,084ab62b-5032-455f-af7a-046197fffbc9,99917638,14,,2,10,2019-04-08,1900-01-01,2079-06-06,t,t,"{""ID"": ""39950994"", ""NEXTID"": ""0"", ""NUMBER"": ""14"", ""PREVID"": ""0"", ""ENDDATE"": ""2079-06-06"", ""CHANGEID"": ""99917638"", ""ISACTIVE"": ""1"", ""ISACTUAL"": ""1"", ""OBJECTID"": ""67006922"", ""APARTTYPE"": ""2"", ""STARTDATE"": ""1900-01-01"", ""OBJECTGUID"": ""084ab62b-5032-455f-af7a-046197fffbc9"", ""OPERTYPEID"": ""10"", ""UPDATEDATE"": ""2019-04-08""}"
39951115,67007085,42465b33-ef26-4d51-a4f3-28b404957aea,99917836,17,,2,10,2019-04-08,1900-01-01,2079-06-06,t,t,"{""ID"": ""39951115"", ""NEXTID"": ""0"", ""NUMBER"": ""17"", ""PREVID"": ""0"", ""ENDDATE"": ""2079-06-06"", ""CHANGEID"": ""99917836"", ""ISACTIVE"": ""1"", ""ISACTUAL"": ""1"", ""OBJECTID"": ""67007085"", ""APARTTYPE"": ""2"", ""STARTDATE"": ""1900-01-01"", ""OBJECTGUID"": ""42465b33-ef26-4d51-a4f3-28b404957aea"", ""OPERTYPEID"": ""10"", ""UPDATEDATE"": ""2019-04-08""}"
39951156,67007138,58356e63-44aa-4b58-9cbc-2146aa45d55e,99917909,20,,2,10,2019-04-08,1900-01-01,2079-06-06,t,t,"{""ID"": ""39951156"", ""NEXTID"": ""0"", ""NUMBER"": ""20"", ""PREVID"": ""0"", ""ENDDATE"": ""2079-06-06"", ""CHANGEID"": ""99917909"", ""ISACTIVE"": ""1"", ""ISACTUAL"": ""1"", ""OBJECTID"": ""67007138"", ""APARTTYPE"": ""2"", ""STARTDATE"": ""1900-01-01"", ""OBJECTGUID"": ""58356e63-44aa-4b58-9cbc-2146aa45d55e"", ""OPERTYPEID"": ""10"", ""UPDATEDATE"": ""2019-04-08""}"
39951162,67007147,5bca1b0d-2b9f-4aa1-86b7-683e55530ef1,99917919,27,,2,10,2019-06-27,1900-01-01,2079-06-06,t,t,"{""ID"": ""39951162"", ""NEXTID"": ""0"", ""NUMBER"": ""27"", ""PREVID"": ""0"", ""ENDDATE"": ""2079-06-06"", ""CHANGEID"": ""99917919"", ""ISACTIVE"": ""1"", ""ISACTUAL"": ""1"", ""OBJECTID"": ""67007147"", ""APARTTYPE"": ""2"", ""STARTDATE"": ""1900-01-01"", ""OBJECTGUID"": ""5bca1b0d-2b9f-4aa1-86b7-683e55530ef1"", ""OPERTYPEID"": ""10"", ""UPDATEDATE"": ""2019-06-27""}"
39951168,67007153,5cbb2d5f-1e9b-47ad-9ffc-05e1dff056e3,99917926,28,,2,10,2019-06-27,1900-01-01,2079-06-06,t,t,"{""ID"": ""39951168"", ""NEXTID"": ""0"", ""NUMBER"": ""28"", ""PREVID"": ""0"", ""ENDDATE"": ""2079-06-06"", ""CHANGEID"": ""99917926"", ""ISACTIVE"": ""1"", ""ISACTUAL"": ""1"", ""OBJECTID"": ""67007153"", ""APARTTYPE"": ""2"", ""STARTDATE"": ""1900-01-01"", ""OBJECTGUID"": ""5cbb2d5f-1e9b-47ad-9ffc-05e1dff056e3"", ""OPERTYPEID"": ""10"", ""UPDATEDATE"": ""2019-06-27""}"
39951697,67007793,9430dd43-7678-4817-a06b-4607fe7c4de7,99918710,12,,2,10,2019-08-30,1900-01-01,2079-06-06,t,t,"{""ID"": ""39951697"", ""NEXTID"": ""0"", ""NUMBER"": ""12"", ""PREVID"": ""0"", ""ENDDATE"": ""2079-06-06"", ""CHANGEID"": ""99918710"", ""ISACTIVE"": ""1"", ""ISACTUAL"": ""1"", ""OBJECTID"": ""67007793"", ""APARTTYPE"": ""2"", ""STARTDATE"": ""1900-01-01"", ""OBJECTGUID"": ""9430dd43-7678-4817-a06b-4607fe7c4de7"", ""OPERTYPEID"": ""10"", ""UPDATEDATE"": ""2019-08-30""}"
39960941,67022479,0b40c48d-3c5f-4800-958e-44c8ffd21501,99939471,16,,2,10,2019-04-08,1900-01-01,2079-06-06,t,t,"{""ID"": ""39960941"", ""NEXTID"": ""0"", ""NUMBER"": ""16"", ""PREVID"": ""0"", ""ENDDATE"": ""2079-06-06"", ""CHANGEID"": ""99939471"", ""ISACTIVE"": ""1"", ""ISACTUAL"": ""1"", ""OBJECTID"": ""67022479"", ""APARTTYPE"": ""2"", ""STARTDATE"": ""1900-01-01"", ""OBJECTGUID"": ""0b40c48d-3c5f-4800-958e-44c8ffd21501"", ""OPERTYPEID"": ""10"", ""UPDATEDATE"": ""2019-04-08""}"
39961382,67023052,12c8cec1-59a1-4a86-9da9-73c0b24dee15,99940264,6,,2,10,2019-08-30,1900-01-01,2079-06-06,t,t,"{""ID"": ""39961382"", ""NEXTID"": ""0"", ""NUMBER"": ""6"", ""PREVID"": ""0"", ""ENDDATE"": ""2079-06-06"", ""CHANGEID"": ""99940264"", ""ISACTIVE"": ""1"", ""ISACTUAL"": ""1"", ""OBJECTID"": ""67023052"", ""APARTTYPE"": ""2"", ""STARTDATE"": ""1900-01-01"", ""OBJECTGUID"": ""12c8cec1-59a1-4a86-9da9-73c0b24dee15"", ""OPERTYPEID"": ""10"", ""UPDATEDATE"": ""2019-08-30""}"
39961483,67023161,1aba019e-5f47-49a2-8d85-daf3b6cd9764,99940381,7,,2,10,2019-04-08,1900-01-01,2079-06-06,t,t,"{""ID"": ""39961483"", ""NEXTID"": ""0"", ""NUMBER"": ""7"", ""PREVID"": ""0"", ""ENDDATE"": ""2079-06-06"", ""CHANGEID"": ""99940381"", ""ISACTIVE"": ""1"", ""ISACTUAL"": ""1"", ""OBJECTID"": ""67023161"", ""APARTTYPE"": ""2"", ""STARTDATE"": ""1900-01-01"", ""OBJECTGUID"": ""1aba019e-5f47-49a2-8d85-daf3b6cd9764"", ""OPERTYPEID"": ""10"", ""UPDATEDATE"": ""2019-04-08""}"
39961489,67023168,1e52ee4b-fbfe-4a8f-8bab-797fb0f6478c,99940389,1,,2,10,2019-08-30,1900-01-01,2079-06-06,t,t,"{""ID"": ""39961489"", ""NEXTID"": ""0"", ""NUMBER"": ""1"", ""PREVID"": ""0"", ""ENDDATE"": ""2079-06-06"", ""CHANGEID"": ""99940389"", ""ISACTIVE"": ""1"", ""ISACTUAL"": ""1"", ""OBJECTID"": ""67023168"", ""APARTTYPE"": ""2"", ""STARTDATE"": ""1900-01-01"", ""OBJECTGUID"": ""1e52ee4b-fbfe-4a8f-8bab-797fb0f6478c"", ""OPERTYPEID"": ""10"", ""UPDATEDATE"": ""2019-08-30""}"
39961545,67023229,468c6fe0-9865-4fdf-8bcf-19faab6da77f,99940453,3,,2,10,2019-04-08,1900-01-01,2079-06-06,t,t,"{""ID"": ""39961545"", ""NEXTID"": ""0"", ""NUMBER"": ""3"", ""PREVID"": ""0"", ""ENDDATE"": ""2079-06-06"", ""CHANGEID"": ""99940453"", ""ISACTIVE"": ""1"", ""ISACTUAL"": ""1"", ""OBJECTID"": ""67023229"", ""APARTTYPE"": ""2"", ""STARTDATE"": ""1900-01-01"", ""OBJECTGUID"": ""468c6fe0-9865-4fdf-8bcf-19faab6da77f"", ""OPERTYPEID"": ""10"", ""UPDATEDATE"": ""2019-04-08""}"
39968722,67034116,4059571f-0f08-445c-8870-bdc35b978b31,99955608,15а,,2,10,2025-03-28,1900-01-01,2025-03-28,f,f,"{""ID"": ""39968722"", ""NEXTID"": ""110597479"", ""NUMBER"": ""15а"", ""PREVID"": ""0"", ""ENDDATE"": ""2025-03-28"", ""CHANGEID"": ""99955608"", ""ISACTIVE"": ""0"", ""ISACTUAL"": ""0"", ""OBJECTID"": ""67034116"", ""APARTTYPE"": ""2"", ""STARTDATE"": ""1900-01-01"", ""OBJECTGUID"": ""4059571f-0f08-445c-8870-bdc35b978b31"", ""OPERTYPEID"": ""10"", ""UPDATEDATE"": ""2025-03-28""}"
110597479,67034116,4059571f-0f08-445c-8870-bdc35b978b31,643410622,15А,,2,24,2025-03-28,2025-03-28,2079-06-06,t,t,"{""ID"": ""110597479"", ""NUMBER"": ""15А"", ""PREVID"": ""39968722"", ""ENDDATE"": ""2079-06-06"", ""CHANGEID"": ""643410622"", ""ISACTIVE"": ""1"", ""ISACTUAL"": ""1"", ""OBJECTID"": ""67034116"", ""APARTTYPE"": ""2"", ""STARTDATE"": ""2025-03-28"", ""OBJECTGUID"": ""4059571f-0f08-445c-8870-bdc35b978b31"", ""OPERTYPEID"": ""24"", ""UPDATEDATE"": ""2025-03-28""}"
39969069,67034562,447ac9bd-dbfb-49ff-b64b-63b3f1d3ef83,99956122,7,,2,10,2019-08-30,1900-01-01,2079-06-06,t,t,"{""ID"": ""39969069"", ""NEXTID"": ""0"", ""NUMBER"": ""7"", ""PREVID"": ""0"", ""ENDDATE"": ""2079-06-06"", ""CHANGEID"": ""99956122"", ""ISACTIVE"": ""1"", ""ISACTUAL"": ""1"", ""OBJECTID"": ""67034562"", ""APARTTYPE"": ""2"", ""STARTDATE"": ""1900-01-01"", ""OBJECTGUID"": ""447ac9bd-dbfb-49ff-b64b-63b3f1d3ef83"", ""OPERTYPEID"": ""10"", ""UPDATEDATE"": ""2019-08-30""}"
39969621,67035293,4f70698d-9f5d-418e-8109-09ac74a0e402,99956991,18,,2,10,2019-04-08,1900-01-01,2079-06-06,t,t,"{""ID"": ""39969621"", ""NEXTID"": ""0"", ""NUMBER"": ""18"", ""PREVID"": ""0"", ""ENDDATE"": ""2079-06-06"", ""CHANGEID"": ""99956991"", ""ISACTIVE"": ""1"", ""ISACTUAL"": ""1"", ""OBJECTID"": ""67035293"", ""APARTTYPE"": ""2"", ""STARTDATE"": ""1900-01-01"", ""OBJECTGUID"": ""4f70698d-9f5d-418e-8109-09ac74a0e402"", ""OPERTYPEID"": ""10"", ""UPDATEDATE"": ""2019-04-08""}"
39969634,67035306,5637dafc-4129-4ee9-b10d-c27b679a6572,99957011,11,,2,10,2019-04-08,1900-01-01,2079-06-06,t,t,"{""ID"": ""39969634"", ""NEXTID"": ""0"", ""NUMBER"": ""11"", ""PREVID"": ""0"", ""ENDDATE"": ""2079-06-06"", ""CHANGEID"": ""99957011"", ""ISACTIVE"": ""1"", ""ISACTUAL"": ""1"", ""OBJECTID"": ""67035306"", ""APARTTYPE"": ""2"", ""STARTDATE"": ""1900-01-01"", ""OBJECTGUID"": ""5637dafc-4129-4ee9-b10d-c27b679a6572"", ""OPERTYPEID"": ""10"", ""UPDATEDATE"": ""2019-04-08""}"
39969643,67035314,6f2d5b0a-3024-48a6-97a4-c3ca4b2b3f05,99957021,19,,2,10,2019-04-08,1900-01-01,2079-06-06,t,t,"{""ID"": ""39969643"", ""NEXTID"": ""0"", ""NUMBER"": ""19"", ""PREVID"": ""0"", ""ENDDATE"": ""2079-06-06"", ""CHANGEID"": ""99957021"", ""ISACTIVE"": ""1"", ""ISACTUAL"": ""1"", ""OBJECTID"": ""67035314"", ""APARTTYPE"": ""2"", ""STARTDATE"": ""1900-01-01"", ""OBJECTGUID"": ""6f2d5b0a-3024-48a6-97a4-c3ca4b2b3f05"", ""OPERTYPEID"": ""10"", ""UPDATEDATE"": ""2019-04-08""}"
39983620,67055734,42a0fd84-2317-4bc7-8adb-d975f499128f,99984596,3,,2,10,2019-04-08,1900-01-01,2079-06-06,t,t,"{""ID"": ""39983620"", ""NEXTID"": ""0"", ""NUMBER"": ""3"", ""PREVID"": ""0"", ""ENDDATE"": ""2079-06-06"", ""CHANGEID"": ""99984596"", ""ISACTIVE"": ""1"", ""ISACTUAL"": ""1"", ""OBJECTID"": ""67055734"", ""APARTTYPE"": ""2"", ""STARTDATE"": ""1900-01-01"", ""OBJECTGUID"": ""42a0fd84-2317-4bc7-8adb-d975f499128f"", ""OPERTYPEID"": ""10"", ""UPDATEDATE"": ""2019-04-08""}"
39983813,67056049,6a597d43-e206-41aa-8f50-b4bb9ff83125,99985015,6,,2,10,2019-08-30,1900-01-01,2079-06-06,t,t,"{""ID"": ""39983813"", ""NEXTID"": ""0"", ""NUMBER"": ""6"", ""PREVID"": ""0"", ""ENDDATE"": ""2079-06-06"", ""CHANGEID"": ""99985015"", ""ISACTIVE"": ""1"", ""ISACTUAL"": ""1"", ""OBJECTID"": ""67056049"", ""APARTTYPE"": ""2"", ""STARTDATE"": ""1900-01-01"", ""OBJECTGUID"": ""6a597d43-e206-41aa-8f50-b4bb9ff83125"", ""OPERTYPEID"": ""10"", ""UPDATEDATE"": ""2019-08-30""}"
39983858,67056121,6c9590ad-53c9-4060-8002-944dea3e6638,99985119,8,,2,10,2019-04-08,1900-01-01,2079-06-06,t,t,"{""ID"": ""39983858"", ""NEXTID"": ""0"", ""NUMBER"": ""8"", ""PREVID"": ""0"", ""ENDDATE"": ""2079-06-06"", ""CHANGEID"": ""99985119"", ""ISACTIVE"": ""1"", ""ISACTUAL"": ""1"", ""OBJECTID"": ""67056121"", ""APARTTYPE"": ""2"", ""STARTDATE"": ""1900-01-01"", ""OBJECTGUID"": ""6c9590ad-53c9-4060-8002-944dea3e6638"", ""OPERTYPEID"": ""10"", ""UPDATEDATE"": ""2019-04-08""}"
39983860,67056124,756fccd3-c9f8-4cf9-b9cb-1d1c4a589e5f,99985126,4,,2,10,2019-04-08,1900-01-01,2079-06-06,t,t,"{""ID"": ""39983860"", ""NEXTID"": ""0"", ""NUMBER"": ""4"", ""PREVID"": ""0"", ""ENDDATE"": ""2079-06-06"", ""CHANGEID"": ""99985126"", ""ISACTIVE"": ""1"", ""ISACTUAL"": ""1"", ""OBJECTID"": ""67056124"", ""APARTTYPE"": ""2"", ""STARTDATE"": ""1900-01-01"", ""OBJECTGUID"": ""756fccd3-c9f8-4cf9-b9cb-1d1c4a589e5f"", ""OPERTYPEID"": ""10"", ""UPDATEDATE"": ""2019-04-08""}"
39983887,67056167,7eadd128-37a4-4fcf-bd73-dc4e0cc1e933,99985177,3а,,2,10,2019-04-08,1900-01-01,2079-06-06,t,t,"{""ID"": ""39983887"", ""NEXTID"": ""0"", ""NUMBER"": ""3а"", ""PREVID"": ""0"", ""ENDDATE"": ""2079-06-06"", ""CHANGEID"": ""99985177"", ""ISACTIVE"": ""1"", ""ISACTUAL"": ""1"", ""OBJECTID"": ""67056167"", ""APARTTYPE"": ""2"", ""STARTDATE"": ""1900-01-01"", ""OBJECTGUID"": ""7eadd128-37a4-4fcf-bd73-dc4e0cc1e933"", ""OPERTYPEID"": ""10"", ""UPDATEDATE"": ""2019-04-08""}"
39985599,67058987,029806d7-b9eb-43a0-8683-4e287ca29c73,99989334,84,,2,10,2019-04-08,1900-01-01,2079-06-06,t,t,"{""ID"": ""39985599"", ""NEXTID"": ""0"", ""NUMBER"": ""84"", ""PREVID"": ""0"", ""ENDDATE"": ""2079-06-06"", ""CHANGEID"": ""99989334"", ""ISACTIVE"": ""1"", ""ISACTUAL"": ""1"", ""OBJECTID"": ""67058987"", ""APARTTYPE"": ""2"", ""STARTDATE"": ""1900-01-01"", ""OBJECTGUID"": ""029806d7-b9eb-43a0-8683-4e287ca29c73"", ""OPERTYPEID"": ""10"", ""UPDATEDATE"": ""2019-04-08""}"
39985709,67059187,04adb45e-2db2-41d6-8d25-67c102b467b1,99989646,18,,2,10,2019-04-08,1900-01-01,2079-06-06,t,t,"{""ID"": ""39985709"", ""NEXTID"": ""0"", ""NUMBER"": ""18"", ""PREVID"": ""0"", ""ENDDATE"": ""2079-06-06"", ""CHANGEID"": ""99989646"", ""ISACTIVE"": ""1"", ""ISACTUAL"": ""1"", ""OBJECTID"": ""67059187"", ""APARTTYPE"": ""2"", ""STARTDATE"": ""1900-01-01"", ""OBJECTGUID"": ""04adb45e-2db2-41d6-8d25-67c102b467b1"", ""OPERTYPEID"": ""10"", ""UPDATEDATE"": ""2019-04-08""}"
39985856,67059491,098cda0f-4463-4509-8e8e-4ec59a837db6,99990107,13,,2,10,2019-05-13,1900-01-01,2079-06-06,t,t,"{""ID"": ""39985856"", ""NEXTID"": ""0"", ""NUMBER"": ""13"", ""PREVID"": ""0"", ""ENDDATE"": ""2079-06-06"", ""CHANGEID"": ""99990107"", ""ISACTIVE"": ""1"", ""ISACTUAL"": ""1"", ""OBJECTID"": ""67059491"", ""APARTTYPE"": ""2"", ""STARTDATE"": ""1900-01-01"", ""OBJECTGUID"": ""098cda0f-4463-4509-8e8e-4ec59a837db6"", ""OPERTYPEID"": ""10"", ""UPDATEDATE"": ""2019-05-13""}"
39985860,67059496,107487e7-2396-41d4-bb81-56a6c58102e8,99990117,14а,,2,10,2025-10-22,1900-01-01,2025-10-22,f,f,"{""ID"": ""39985860"", ""NEXTID"": ""111976666"", ""NUMBER"": ""14а"", ""PREVID"": ""0"", ""ENDDATE"": ""2025-10-22"", ""CHANGEID"": ""99990117"", ""ISACTIVE"": ""0"", ""ISACTUAL"": ""0"", ""OBJECTID"": ""67059496"", ""APARTTYPE"": ""2"", ""STARTDATE"": ""1900-01-01"", ""OBJECTGUID"": ""107487e7-2396-41d4-bb81-56a6c58102e8"", ""OPERTYPEID"": ""10"", ""UPDATEDATE"": ""2025-10-22""}"
111976666,67059496,107487e7-2396-41d4-bb81-56a6c58102e8,691092054,14А,,2,24,2025-10-22,2025-10-22,2079-06-06,t,t,"{""ID"": ""111976666"", ""NUMBER"": ""14А"", ""PREVID"": ""39985860"", ""ENDDATE"": ""2079-06-06"", ""CHANGEID"": ""691092054"", ""ISACTIVE"": ""1"", ""ISACTUAL"": ""1"", ""OBJECTID"": ""67059496"", ""APARTTYPE"": ""2"", ""STARTDATE"": ""2025-10-22"", ""OBJECTGUID"": ""107487e7-2396-41d4-bb81-56a6c58102e8"", ""OPERTYPEID"": ""24"", ""UPDATEDATE"": ""2025-10-22""}"
39986005,67059682,141c983c-1f56-4c60-994f-007c59652a60,99990389,38,,2,10,2019-04-08,1900-01-01,2079-06-06,t,t,"{""ID"": ""39986005"", ""NEXTID"": ""0"", ""NUMBER"": ""38"", ""PREVID"": ""0"", ""ENDDATE"": ""2079-06-06"", ""CHANGEID"": ""99990389"", ""ISACTIVE"": ""1"", ""ISACTUAL"": ""1"", ""OBJECTID"": ""67059682"", ""APARTTYPE"": ""2"", ""STARTDATE"": ""1900-01-01"", ""OBJECTGUID"": ""141c983c-1f56-4c60-994f-007c59652a60"", ""OPERTYPEID"": ""10"", ""UPDATEDATE"": ""2019-04-08""}"
39986344,67060274,2ba0dd33-de0b-47c6-8877-45d0abf61ea2,99991281,26,,2,10,2019-08-30,1900-01-01,2079-06-06,t,t,"{""ID"": ""39986344"", ""NEXTID"": ""0"", ""NUMBER"": ""26"", ""PREVID"": ""0"", ""ENDDATE"": ""2079-06-06"", ""CHANGEID"": ""99991281"", ""ISACTIVE"": ""1"", ""ISACTUAL"": ""1"", ""OBJECTID"": ""67060274"", ""APARTTYPE"": ""2"", ""STARTDATE"": ""1900-01-01"", ""OBJECTGUID"": ""2ba0dd33-de0b-47c6-8877-45d0abf61ea2"", ""OPERTYPEID"": ""10"", ""UPDATEDATE"": ""2019-08-30""}"
40002114,67086218,1f36d9e5-60f1-4bec-950c-62244e67853e,100030190,2,,2,10,2019-04-08,1900-01-01,2079-06-06,t,t,"{""ID"": ""40002114"", ""NEXTID"": ""0"", ""NUMBER"": ""2"", ""PREVID"": ""0"", ""ENDDATE"": ""2079-06-06"", ""CHANGEID"": ""100030190"", ""ISACTIVE"": ""1"", ""ISACTUAL"": ""1"", ""OBJECTID"": ""67086218"", ""APARTTYPE"": ""2"", ""STARTDATE"": ""1900-01-01"", ""OBJECTGUID"": ""1f36d9e5-60f1-4bec-950c-62244e67853e"", ""OPERTYPEID"": ""10"", ""UPDATEDATE"": ""2019-04-08""}"
40002118,67086246,292bfd48-d156-4c4e-b4ed-c9aff4d07f1d,100030232,15,,2,10,2019-04-08,1900-01-01,2079-06-06,t,t,"{""ID"": ""40002118"", ""NEXTID"": ""0"", ""NUMBER"": ""15"", ""PREVID"": ""0"", ""ENDDATE"": ""2079-06-06"", ""CHANGEID"": ""100030232"", ""ISACTIVE"": ""1"", ""ISACTUAL"": ""1"", ""OBJECTID"": ""67086246"", ""APARTTYPE"": ""2"", ""STARTDATE"": ""1900-01-01"", ""OBJECTGUID"": ""292bfd48-d156-4c4e-b4ed-c9aff4d07f1d"", ""OPERTYPEID"": ""10"", ""UPDATEDATE"": ""2019-04-08""}"
40002139,67086280,2d7da2f8-2205-4731-b01b-c609df70887c,100030280,11,,2,10,2019-04-08,1900-01-01,2079-06-06,t,t,"{""ID"": ""40002139"", ""NEXTID"": ""0"", ""NUMBER"": ""11"", ""PREVID"": ""0"", ""ENDDATE"": ""2079-06-06"", ""CHANGEID"": ""100030280"", ""ISACTIVE"": ""1"", ""ISACTUAL"": ""1"", ""OBJECTID"": ""67086280"", ""APARTTYPE"": ""2"", ""STARTDATE"": ""1900-01-01"", ""OBJECTGUID"": ""2d7da2f8-2205-4731-b01b-c609df70887c"", ""OPERTYPEID"": ""10"", ""UPDATEDATE"": ""2019-04-08""}"
40002153,67086330,3a028ea4-72b8-4b25-b1dc-3b3f9843201a,100030345,8,,2,10,2019-04-08,1900-01-01,2079-06-06,t,t,"{""ID"": ""40002153"", ""NEXTID"": ""0"", ""NUMBER"": ""8"", ""PREVID"": ""0"", ""ENDDATE"": ""2079-06-06"", ""CHANGEID"": ""100030345"", ""ISACTIVE"": ""1"", ""ISACTUAL"": ""1"", ""OBJECTID"": ""67086330"", ""APARTTYPE"": ""2"", ""STARTDATE"": ""1900-01-01"", ""OBJECTGUID"": ""3a028ea4-72b8-4b25-b1dc-3b3f9843201a"", ""OPERTYPEID"": ""10"", ""UPDATEDATE"": ""2019-04-08""}"
40002158,67086336,4eddad0a-d30c-414c-83b5-1a6653d3ef49,100030352,13,,2,10,2019-04-08,1900-01-01,2079-06-06,t,t,"{""ID"": ""40002158"", ""NEXTID"": ""0"", ""NUMBER"": ""13"", ""PREVID"": ""0"", ""ENDDATE"": ""2079-06-06"", ""CHANGEID"": ""100030352"", ""ISACTIVE"": ""1"", ""ISACTUAL"": ""1"", ""OBJECTID"": ""67086336"", ""APARTTYPE"": ""2"", ""STARTDATE"": ""1900-01-01"", ""OBJECTGUID"": ""4eddad0a-d30c-414c-83b5-1a6653d3ef49"", ""OPERTYPEID"": ""10"", ""UPDATEDATE"": ""2019-04-08""}"
40002422,67086685,b0ffa871-6641-4d02-872f-8efe65476021,100030974,4,,2,10,2019-08-30,1900-01-01,2079-06-06,t,t,"{""ID"": ""40002422"", ""NEXTID"": ""0"", ""NUMBER"": ""4"", ""PREVID"": ""0"", ""ENDDATE"": ""2079-06-06"", ""CHANGEID"": ""100030974"", ""ISACTIVE"": ""1"", ""ISACTUAL"": ""1"", ""OBJECTID"": ""67086685"", ""APARTTYPE"": ""2"", ""STARTDATE"": ""1900-01-01"", ""OBJECTGUID"": ""b0ffa871-6641-4d02-872f-8efe65476021"", ""OPERTYPEID"": ""10"", ""UPDATEDATE"": ""2019-08-30""}"
51207245,97075954,fd0c625e-475f-4b09-8ccb-c97829f350eb,151762680,2/П,,1,10,2020-06-10,2020-06-10,2079-06-06,t,t,"{""ID"": ""51207245"", ""NEXTID"": ""0"", ""NUMBER"": ""2/П"", ""PREVID"": ""0"", ""ENDDATE"": ""2079-06-06"", ""CHANGEID"": ""151762680"", ""ISACTIVE"": ""1"", ""ISACTUAL"": ""1"", ""OBJECTID"": ""97075954"", ""APARTTYPE"": ""1"", ""STARTDATE"": ""2020-06-10"", ""OBJECTGUID"": ""fd0c625e-475f-4b09-8ccb-c97829f350eb"", ""OPERTYPEID"": ""10"", ""UPDATEDATE"": ""2020-06-10""}"
51207246,97075955,2b3ad4d7-fcc3-47ca-a2a2-cac23af42469,151762681,1/1,,1,10,2020-06-10,2020-06-10,2079-06-06,t,t,"{""ID"": ""51207246"", ""NEXTID"": ""0"", ""NUMBER"": ""1/1"", ""PREVID"": ""0"", ""ENDDATE"": ""2079-06-06"", ""CHANGEID"": ""151762681"", ""ISACTIVE"": ""1"", ""ISACTUAL"": ""1"", ""OBJECTID"": ""97075955"", ""APARTTYPE"": ""1"", ""STARTDATE"": ""2020-06-10"", ""OBJECTGUID"": ""2b3ad4d7-fcc3-47ca-a2a2-cac23af42469"", ""OPERTYPEID"": ""10"", ""UPDATEDATE"": ""2020-06-10""}"
51207247,97075956,59e53774-4b45-4487-b89c-38c1f2adde07,151762682,2/1,,1,10,2020-06-10,2020-06-10,2079-06-06,t,t,"{""ID"": ""51207247"", ""NEXTID"": ""0"", ""NUMBER"": ""2/1"", ""PREVID"": ""0"", ""ENDDATE"": ""2079-06-06"", ""CHANGEID"": ""151762682"", ""ISACTIVE"": ""1"", ""ISACTUAL"": ""1"", ""OBJECTID"": ""97075956"", ""APARTTYPE"": ""1"", ""STARTDATE"": ""2020-06-10"", ""OBJECTGUID"": ""59e53774-4b45-4487-b89c-38c1f2adde07"", ""OPERTYPEID"": ""10"", ""UPDATEDATE"": ""2020-06-10""}"
51207248,97075957,07ede909-3624-4547-9454-58413542937f,151762683,1/2,,1,10,2020-06-10,2020-06-10,2079-06-06,t,t,"{""ID"": ""51207248"", ""NEXTID"": ""0"", ""NUMBER"": ""1/2"", ""PREVID"": ""0"", ""ENDDATE"": ""2079-06-06"", ""CHANGEID"": ""151762683"", ""ISACTIVE"": ""1"", ""ISACTUAL"": ""1"", ""OBJECTID"": ""97075957"", ""APARTTYPE"": ""1"", ""STARTDATE"": ""2020-06-10"", ""OBJECTGUID"": ""07ede909-3624-4547-9454-58413542937f"", ""OPERTYPEID"": ""10"", ""UPDATEDATE"": ""2020-06-10""}"
51207249,97075958,04faba95-fb07-43fa-aca5-ae4797e43f0d,151762684,2/2,,1,10,2020-06-10,2020-06-10,2079-06-06,t,t,"{""ID"": ""51207249"", ""NEXTID"": ""0"", ""NUMBER"": ""2/2"", ""PREVID"": ""0"", ""ENDDATE"": ""2079-06-06"", ""CHANGEID"": ""151762684"", ""ISACTIVE"": ""1"", ""ISACTUAL"": ""1"", ""OBJECTID"": ""97075958"", ""APARTTYPE"": ""1"", ""STARTDATE"": ""2020-06-10"", ""OBJECTGUID"": ""04faba95-fb07-43fa-aca5-ae4797e43f0d"", ""OPERTYPEID"": ""10"", ""UPDATEDATE"": ""2020-06-10""}"
51207305,97076127,03c93663-6911-406e-aec9-cab614b70a86,151762926,1/1,,1,10,2020-06-10,2020-06-10,2079-06-06,t,t,"{""ID"": ""51207305"", ""NEXTID"": ""0"", ""NUMBER"": ""1/1"", ""PREVID"": ""0"", ""ENDDATE"": ""2079-06-06"", ""CHANGEID"": ""151762926"", ""ISACTIVE"": ""1"", ""ISACTUAL"": ""1"", ""OBJECTID"": ""97076127"", ""APARTTYPE"": ""1"", ""STARTDATE"": ""2020-06-10"", ""OBJECTGUID"": ""03c93663-6911-406e-aec9-cab614b70a86"", ""OPERTYPEID"": ""10"", ""UPDATEDATE"": ""2020-06-10""}"
51207306,97076128,fefbddaa-5c2f-457f-a25d-80a29369bfbc,151762927,2/1,,1,10,2020-06-10,2020-06-10,2079-06-06,t,t,"{""ID"": ""51207306"", ""NEXTID"": ""0"", ""NUMBER"": ""2/1"", ""PREVID"": ""0"", ""ENDDATE"": ""2079-06-06"", ""CHANGEID"": ""151762927"", ""ISACTIVE"": ""1"", ""ISACTUAL"": ""1"", ""OBJECTID"": ""97076128"", ""APARTTYPE"": ""1"", ""STARTDATE"": ""2020-06-10"", ""OBJECTGUID"": ""fefbddaa-5c2f-457f-a25d-80a29369bfbc"", ""OPERTYPEID"": ""10"", ""UPDATEDATE"": ""2020-06-10""}"
51207307,97076129,e334feb8-7139-4d5a-bdd0-1f8e00de3f3b,151762928,3/1,,1,10,2020-06-10,2020-06-10,2079-06-06,t,t,"{""ID"": ""51207307"", ""NEXTID"": ""0"", ""NUMBER"": ""3/1"", ""PREVID"": ""0"", ""ENDDATE"": ""2079-06-06"", ""CHANGEID"": ""151762928"", ""ISACTIVE"": ""1"", ""ISACTUAL"": ""1"", ""OBJECTID"": ""97076129"", ""APARTTYPE"": ""1"", ""STARTDATE"": ""2020-06-10"", ""OBJECTGUID"": ""e334feb8-7139-4d5a-bdd0-1f8e00de3f3b"", ""OPERTYPEID"": ""10"", ""UPDATEDATE"": ""2020-06-10""}"
51207308,97076130,020da691-0011-4077-913f-feedfc0811e2,151762929,4/1,,1,10,2020-06-10,2020-06-10,2079-06-06,t,t,"{""ID"": ""51207308"", ""NEXTID"": ""0"", ""NUMBER"": ""4/1"", ""PREVID"": ""0"", ""ENDDATE"": ""2079-06-06"", ""CHANGEID"": ""151762929"", ""ISACTIVE"": ""1"", ""ISACTUAL"": ""1"", ""OBJECTID"": ""97076130"", ""APARTTYPE"": ""1"", ""STARTDATE"": ""2020-06-10"", ""OBJECTGUID"": ""020da691-0011-4077-913f-feedfc0811e2"", ""OPERTYPEID"": ""10"", ""UPDATEDATE"": ""2020-06-10""}"
51207309,97076131,b3588384-ba1a-4528-9242-585ffa6e39f3,151762930,5/1,,1,10,2020-06-10,2020-06-10,2079-06-06,t,t,"{""ID"": ""51207309"", ""NEXTID"": ""0"", ""NUMBER"": ""5/1"", ""PREVID"": ""0"", ""ENDDATE"": ""2079-06-06"", ""CHANGEID"": ""151762930"", ""ISACTIVE"": ""1"", ""ISACTUAL"": ""1"", ""OBJECTID"": ""97076131"", ""APARTTYPE"": ""1"", ""STARTDATE"": ""2020-06-10"", ""OBJECTGUID"": ""b3588384-ba1a-4528-9242-585ffa6e39f3"", ""OPERTYPEID"": ""10"", ""UPDATEDATE"": ""2020-06-10""}"
