id,object_id,parent_object_id,change_id,region_code,area_code,city_code,place_code,plan_code,street_code,path,update_date,start_date,end_date,is_active,oktmo,raw_attributes
20965,1405113,,3846120,,,,,,,1405113,2011-11-01,2011-11-01,2079-06-06,t,45000000,"{""ID"": ""20965"", ""PATH"": ""1405113"", ""OKTMO"": ""45000000"", ""NEXTID"": ""0"", ""PREVID"": ""0"", ""ENDDATE"": ""2079-06-06"", ""CHANGEID"": ""3846120"", ""ISACTIVE"": ""1"", ""OBJECTID"": ""1405113"", ""STARTDATE"": ""2011-11-01"", ""UPDATEDATE"": ""2011-11-01""}"
58559916,1447085,95251254,99868480,,,,,,,1405113.95251254.1447085,2011-11-01,2011-11-01,2079-06-06,t,45374000,"{""ID"": ""58559916"", ""PATH"": ""1405113.95251254.1447085"", ""OKTMO"": ""45374000"", ""NEXTID"": ""0"", ""PREVID"": ""0"", ""ENDDATE"": ""2079-06-06"", ""CHANGEID"": ""99868480"", ""ISACTIVE"": ""1"", ""OBJECTID"": ""1447085"", ""STARTDATE"": ""2011-11-01"", ""UPDATEDATE"": ""2011-11-01"", ""PARENTOBJID"": ""95251254""}"
58559922,66965999,1447085,99858397,,,,,,,1405113.95251254.1447085.66965999,2011-11-01,2011-11-01,2079-06-06,t,45374000,"{""ID"": ""58559922"", ""PATH"": ""1405113.95251254.1447085.66965999"", ""OKTMO"": ""45374000"", ""NEXTID"": ""0"", ""PREVID"": ""0"", ""ENDDATE"": ""2079-06-06"", ""CHANGEID"": ""99858397"", ""ISACTIVE"": ""1"", ""OBJECTID"": ""66965999"", ""STARTDATE"": ""2011-11-01"", ""UPDATEDATE"": ""2011-11-01"", ""PARENTOBJID"": ""1447085""}"
58609843,66969104,66965999,99862693,,,,,,,1405113.95251254.1447085.66965999.66969104,2011-11-01,2011-11-01,2079-06-06,t,45374000,"{""ID"": ""58609843"", ""PATH"": ""1405113.95251254.1447085.66965999.66969104"", ""OKTMO"": ""45374000"", ""NEXTID"": ""0"", ""PREVID"": ""0"", ""ENDDATE"": ""2079-06-06"", ""CHANGEID"": ""99862693"", ""ISACTIVE"": ""1"", ""OBJECTID"": ""66969104"", ""STARTDATE"": ""2011-11-01"", ""UPDATEDATE"": ""2011-11-01"", ""PARENTOBJID"": ""66965999""}"
58609858,66969287,66965999,99862923,,,,,,,1405113.95251254.1447085.66965999.66969287,2011-11-01,2011-11-01,2079-06-06,t,45374000,"{""ID"": ""58609858"", ""PATH"": ""1405113.95251254.1447085.66965999.66969287"", ""OKTMO"": ""45374000"", ""NEXTID"": ""0"", ""PREVID"": ""0"", ""ENDDATE"": ""2079-06-06"", ""CHANGEID"": ""99862923"", ""ISACTIVE"": ""1"", ""OBJECTID"": ""66969287"", ""STARTDATE"": ""2011-11-01"", ""UPDATEDATE"": ""2011-11-01"", ""PARENTOBJID"": ""66965999""}"
58610630,66969410,66965999,99863105,,,,,,,1405113.95251254.1447085.66965999.66969410,2011-11-01,2011-11-01,2079-06-06,t,45374000,"{""ID"": ""58610630"", ""PATH"": ""1405113.95251254.1447085.66965999.66969410"", ""OKTMO"": ""45374000"", ""NEXTID"": ""0"", ""PREVID"": ""0"", ""ENDDATE"": ""2079-06-06"", ""CHANGEID"": ""99863105"", ""ISACTIVE"": ""1"", ""OBJECTID"": ""66969410"", ""STARTDATE"": ""2011-11-01"", ""UPDATEDATE"": ""2011-11-01"", ""PARENTOBJID"": ""66965999""}"
58610648,66969416,66965999,99863117,,,,,,,1405113.95251254.1447085.66965999.66969416,2011-11-01,2011-11-01,2079-06-06,t,45374000,"{""ID"": ""58610648"", ""PATH"": ""1405113.95251254.1447085.66965999.66969416"", ""OKTMO"": ""45374000"", ""NEXTID"": ""0"", ""PREVID"": ""0"", ""ENDDATE"": ""2079-06-06"", ""CHANGEID"": ""99863117"", ""ISACTIVE"": ""1"", ""OBJECTID"": ""66969416"", ""STARTDATE"": ""2011-11-01"", ""UPDATEDATE"": ""2011-11-01"", ""PARENTOBJID"": ""66965999""}"
58610668,66969420,66965999,99863125,,,,,,,1405113.95251254.1447085.66965999.66969420,2011-11-01,2011-11-01,2079-06-06,t,45374000,"{""ID"": ""58610668"", ""PATH"": ""1405113.95251254.1447085.66965999.66969420"", ""OKTMO"": ""45374000"", ""NEXTID"": ""0"", ""PREVID"": ""0"", ""ENDDATE"": ""2079-06-06"", ""CHANGEID"": ""99863125"", ""ISACTIVE"": ""1"", ""OBJECTID"": ""66969420"", ""STARTDATE"": ""2011-11-01"", ""UPDATEDATE"": ""2011-11-01"", ""PARENTOBJID"": ""66965999""}"
58614053,66970805,66965999,99865301,,,,,,,1405113.95251254.1447085.66965999.66970805,2011-11-01,2011-11-01,2079-06-06,t,45374000,"{""ID"": ""58614053"", ""PATH"": ""1405113.95251254.1447085.66965999.66970805"", ""OKTMO"": ""45374000"", ""NEXTID"": ""0"", ""PREVID"": ""0"", ""ENDDATE"": ""2079-06-06"", ""CHANGEID"": ""99865301"", ""ISACTIVE"": ""1"", ""OBJECTID"": ""66970805"", ""STARTDATE"": ""2011-11-01"", ""UPDATEDATE"": ""2011-11-01"", ""PARENTOBJID"": ""66965999""}"
58614074,66970811,66970805,99865316,,,,,,,1405113.95251254.1447085.66965999.66970805.66970811,2011-11-01,2011-11-01,2079-06-06,t,45374000,"{""ID"": ""58614074"", ""PATH"": ""1405113.95251254.1447085.66965999.66970805.66970811"", ""OKTMO"": ""45374000"", ""NEXTID"": ""0"", ""PREVID"": ""0"", ""ENDDATE"": ""2079-06-06"", ""CHANGEID"": ""99865316"", ""ISACTIVE"": ""1"", ""OBJECTID"": ""66970811"", ""STARTDATE"": ""2011-11-01"", ""UPDATEDATE"": ""2011-11-01"", ""PARENTOBJID"": ""66970805""}"
58614092,66971737,66970805,99866724,,,,,,,1405113.95251254.1447085.66965999.66970805.66971737,2011-11-01,2011-11-01,2079-06-06,t,45374000,"{""ID"": ""58614092"", ""PATH"": ""1405113.95251254.1447085.66965999.66970805.66971737"", ""OKTMO"": ""45374000"", ""NEXTID"": ""0"", ""PREVID"": ""0"", ""ENDDATE"": ""2079-06-06"", ""CHANGEID"": ""99866724"", ""ISACTIVE"": ""1"", ""OBJECTID"": ""66971737"", ""STARTDATE"": ""2011-11-01"", ""UPDATEDATE"": ""2011-11-01"", ""PARENTOBJID"": ""66970805""}"
58560004,66992955,1447085,99897439,,,,,,,1405113.95251254.1447085.66992955,2011-11-01,2011-11-01,2079-06-06,t,45374000,"{""ID"": ""58560004"", ""PATH"": ""1405113.95251254.1447085.66992955"", ""OKTMO"": ""45374000"", ""NEXTID"": ""0"", ""PREVID"": ""0"", ""ENDDATE"": ""2079-06-06"", ""CHANGEID"": ""99897439"", ""ISACTIVE"": ""1"", ""OBJECTID"": ""66992955"", ""STARTDATE"": ""2011-11-01"", ""UPDATEDATE"": ""2011-11-01"", ""PARENTOBJID"": ""1447085""}"
58564821,66994684,66992955,99900050,,,,,,,1405113.95251254.1447085.66992955.66994684,2011-11-01,2011-11-01,2079-06-06,t,45374000,"{""ID"": ""58564821"", ""PATH"": ""1405113.95251254.1447085.66992955.66994684"", ""OKTMO"": ""45374000"", ""NEXTID"": ""0"", ""PREVID"": ""0"", ""ENDDATE"": ""2079-06-06"", ""CHANGEID"": ""99900050"", ""ISACTIVE"": ""1"", ""OBJECTID"": ""66994684"", ""STARTDATE"": ""2011-11-01"", ""UPDATEDATE"": ""2011-11-01"", ""PARENTOBJID"": ""66992955""}"
58564832,66995042,66992955,99900547,,,,,,,1405113.95251254.1447085.66992955.66995042,2011-11-01,2011-11-01,2079-06-06,t,45374000,"{""ID"": ""58564832"", ""PATH"": ""1405113.95251254.1447085.66992955.66995042"", ""OKTMO"": ""45374000"", ""NEXTID"": ""0"", ""PREVID"": ""0"", ""ENDDATE"": ""2079-06-06"", ""CHANGEID"": ""99900547"", ""ISACTIVE"": ""1"", ""OBJECTID"": ""66995042"", ""STARTDATE"": ""2011-11-01"", ""UPDATEDATE"": ""2011-11-01"", ""PARENTOBJID"": ""66992955""}"
58564847,66995177,66992955,99900728,,,,,,,1405113.95251254.1447085.66992955.66995177,2011-11-01,2011-11-01,2079-06-06,t,45374000,"{""ID"": ""58564847"", ""PATH"": ""1405113.95251254.1447085.66992955.66995177"", ""OKTMO"": ""45374000"", ""NEXTID"": ""0"", ""PREVID"": ""0"", ""ENDDATE"": ""2079-06-06"", ""CHANGEID"": ""99900728"", ""ISACTIVE"": ""1"", ""OBJECTID"": ""66995177"", ""STARTDATE"": ""2011-11-01"", ""UPDATEDATE"": ""2011-11-01"", ""PARENTOBJID"": ""66992955""}"
58564871,66995180,66992955,99900732,,,,,,,1405113.95251254.1447085.66992955.66995180,2011-11-01,2011-11-01,2079-06-06,t,45374000,"{""ID"": ""58564871"", ""PATH"": ""1405113.95251254.1447085.66992955.66995180"", ""OKTMO"": ""45374000"", ""NEXTID"": ""0"", ""PREVID"": ""0"", ""ENDDATE"": ""2079-06-06"", ""CHANGEID"": ""99900732"", ""ISACTIVE"": ""1"", ""OBJECTID"": ""66995180"", ""STARTDATE"": ""2011-11-01"", ""UPDATEDATE"": ""2011-11-01"", ""PARENTOBJID"": ""66992955""}"
58564885,66995271,66992955,99900897,,,,,,,1405113.95251254.1447085.66992955.66995271,2011-11-01,2011-11-01,2079-06-06,t,45374000,"{""ID"": ""58564885"", ""PATH"": ""1405113.95251254.1447085.66992955.66995271"", ""OKTMO"": ""45374000"", ""NEXTID"": ""0"", ""PREVID"": ""0"", ""ENDDATE"": ""2079-06-06"", ""CHANGEID"": ""99900897"", ""ISACTIVE"": ""1"", ""OBJECTID"": ""66995271"", ""STARTDATE"": ""2011-11-01"", ""UPDATEDATE"": ""2011-11-01"", ""PARENTOBJID"": ""66992955""}"
58565109,66996580,66992955,99902776,,,,,,,1405113.95251254.1447085.66992955.66996580,2011-11-01,2011-11-01,2079-06-06,t,45374000,"{""ID"": ""58565109"", ""PATH"": ""1405113.95251254.1447085.66992955.66996580"", ""OKTMO"": ""45374000"", ""NEXTID"": ""0"", ""PREVID"": ""0"", ""ENDDATE"": ""2079-06-06"", ""CHANGEID"": ""99902776"", ""ISACTIVE"": ""1"", ""OBJECTID"": ""66996580"", ""STARTDATE"": ""2011-11-01"", ""UPDATEDATE"": ""2011-11-01"", ""PARENTOBJID"": ""66992955""}"
58560045,67005852,1447085,99915975,,,,,,,1405113.95251254.1447085.67005852,2011-11-01,2011-11-01,2079-06-06,t,45374000,"{""ID"": ""58560045"", ""PATH"": ""1405113.95251254.1447085.67005852"", ""OKTMO"": ""45374000"", ""NEXTID"": ""0"", ""PREVID"": ""0"", ""ENDDATE"": ""2079-06-06"", ""CHANGEID"": ""99915975"", ""ISACTIVE"": ""1"", ""OBJECTID"": ""67005852"", ""STARTDATE"": ""2011-11-01"", ""UPDATEDATE"": ""2011-11-01"", ""PARENTOBJID"": ""1447085""}"
58568334,67006922,67005852,99917638,,,,,,,1405113.95251254.1447085.67005852.67006922,2011-11-01,2011-11-01,2079-06-06,t,45374000,"{""ID"": ""58568334"", ""PATH"": ""1405113.95251254.1447085.67005852.67006922"", ""OKTMO"": ""45374000"", ""NEXTID"": ""0"", ""PREVID"": ""0"", ""ENDDATE"": ""2079-06-06"", ""CHANGEID"": ""99917638"", ""ISACTIVE"": ""1"", ""OBJECTID"": ""67006922"", ""STARTDATE"": ""2011-11-01"", ""UPDATEDATE"": ""2011-11-01"", ""PARENTOBJID"": ""67005852""}"
58568887,67007085,67005852,99917836,,,,,,,1405113.95251254.1447085.67005852.67007085,2011-11-01,2011-11-01,2079-06-06,t,45374000,"{""ID"": ""58568887"", ""PATH"": ""1405113.95251254.1447085.67005852.67007085"", ""OKTMO"": ""45374000"", ""NEXTID"": ""0"", ""PREVID"": ""0"", ""ENDDATE"": ""2079-06-06"", ""CHANGEID"": ""99917836"", ""ISACTIVE"": ""1"", ""OBJECTID"": ""67007085"", ""STARTDATE"": ""2011-11-01"", ""UPDATEDATE"": ""2011-11-01"", ""PARENTOBJID"": ""67005852""}"
58568902,67007138,67005852,99917909,,,,,,,1405113.95251254.1447085.67005852.67007138,2011-11-01,2011-11-01,2079-06-06,t,45374000,"{""ID"": ""58568902"", ""PATH"": ""1405113.95251254.1447085.67005852.67007138"", ""OKTMO"": ""45374000"", ""NEXTID"": ""0"", ""PREVID"": ""0"", ""ENDDATE"": ""2079-06-06"", ""CHANGEID"": ""99917909"", ""ISACTIVE"": ""1"", ""OBJECTID"": ""67007138"", ""STARTDATE"": ""2011-11-01"", ""UPDATEDATE"": ""2011-11-01"", ""PARENTOBJID"": ""67005852""}"
58568913,67007147,67005852,99917919,,,,,,,1405113.95251254.1447085.67005852.67007147,2011-11-01,2011-11-01,2079-06-06,t,45374000,"{""ID"": ""58568913"", ""PATH"": ""1405113.95251254.1447085.67005852.67007147"", ""OKTMO"": ""45374000"", ""NEXTID"": ""0"", ""PREVID"": ""0"", ""ENDDATE"": ""2079-06-06"", ""CHANGEID"": ""99917919"", ""ISACTIVE"": ""1"", ""OBJECTID"": ""67007147"", ""STARTDATE"": ""2011-11-01"", ""UPDATEDATE"": ""2011-11-01"", ""PARENTOBJID"": ""67005852""}"
58568926,67007153,67005852,99917926,,,,,,,1405113.95251254.1447085.67005852.67007153,2011-11-01,2011-11-01,2079-06-06,t,45374000,"{""ID"": ""58568926"", ""PATH"": ""1405113.95251254.1447085.67005852.67007153"", ""OKTMO"": ""45374000"", ""NEXTID"": ""0"", ""PREVID"": ""0"", ""ENDDATE"": ""2079-06-06"", ""CHANGEID"": ""99917926"", ""ISACTIVE"": ""1"", ""OBJECTID"": ""67007153"", ""STARTDATE"": ""2011-11-01"", ""UPDATEDATE"": ""2011-11-01"", ""PARENTOBJID"": ""67005852""}"
58568952,67007793,67005852,99918710,,,,,,,1405113.95251254.1447085.67005852.67007793,2011-11-01,2011-11-01,2079-06-06,t,45374000,"{""ID"": ""58568952"", ""PATH"": ""1405113.95251254.1447085.67005852.67007793"", ""OKTMO"": ""45374000"", ""NEXTID"": ""0"", ""PREVID"": ""0"", ""ENDDATE"": ""2079-06-06"", ""CHANGEID"": ""99918710"", ""ISACTIVE"": ""1"", ""OBJECTID"": ""67007793"", ""STARTDATE"": ""2011-11-01"", ""UPDATEDATE"": ""2011-11-01"", ""PARENTOBJID"": ""67005852""}"
58568966,67008169,67007793,99919176,,,,,,,1405113.95251254.1447085.67005852.67007793.67008169,2011-11-01,2011-11-01,2079-06-06,t,45374000,"{""ID"": ""58568966"", ""PATH"": ""1405113.95251254.1447085.67005852.67007793.67008169"", ""OKTMO"": ""45374000"", ""NEXTID"": ""0"", ""PREVID"": ""0"", ""ENDDATE"": ""2079-06-06"", ""CHANGEID"": ""99919176"", ""ISACTIVE"": ""1"", ""OBJECTID"": ""67008169"", ""STARTDATE"": ""2011-11-01"", ""UPDATEDATE"": ""2011-11-01"", ""PARENTOBJID"": ""67007793""}"
58568981,67008777,67007793,99919983,,,,,,,1405113.95251254.1447085.67005852.67007793.67008777,2011-11-01,2011-11-01,2079-06-06,t,45374000,"{""ID"": ""58568981"", ""PATH"": ""1405113.95251254.1447085.67005852.67007793.67008777"", ""OKTMO"": ""45374000"", ""NEXTID"": ""0"", ""PREVID"": ""0"", ""ENDDATE"": ""2079-06-06"", ""CHANGEID"": ""99919983"", ""ISACTIVE"": ""1"", ""OBJECTID"": ""67008777"", ""STARTDATE"": ""2011-11-01"", ""UPDATEDATE"": ""2011-11-01"", ""PARENTOBJID"": ""67007793""}"
58559947,67020241,1447085,99936378,,,,,,,1405113.95251254.1447085.67020241,2011-11-01,2011-11-01,2079-06-06,t,45374000,"{""ID"": ""58559947"", ""PATH"": ""1405113.95251254.1447085.67020241"", ""OKTMO"": ""45374000"", ""NEXTID"": ""0"", ""PREVID"": ""0"", ""ENDDATE"": ""2079-06-06"", ""CHANGEID"": ""99936378"", ""ISACTIVE"": ""1"", ""OBJECTID"": ""67020241"", ""STARTDATE"": ""2011-11-01"", ""UPDATEDATE"": ""2011-11-01"", ""PARENTOBJID"": ""1447085""}"
58571376,67022479,67020241,99939471,,,,,,,1405113.95251254.1447085.67020241.67022479,2011-11-01,2011-11-01,2079-06-06,t,45374000,"{""ID"": ""58571376"", ""PATH"": ""1405113.95251254.1447085.67020241.67022479"", ""OKTMO"": ""45374000"", ""NEXTID"": ""0"", ""PREVID"": ""0"", ""ENDDATE"": ""2079-06-06"", ""CHANGEID"": ""99939471"", ""ISACTIVE"": ""1"", ""OBJECTID"": ""67022479"", ""STARTDATE"": ""2011-11-01"", ""UPDATEDATE"": ""2011-11-01"", ""PARENTOBJID"": ""67020241""}"
58571394,67023052,67020241,99940264,,,,,,,1405113.95251254.1447085.67020241.67023052,2011-11-01,2011-11-01,2079-06-06,t,45374000,"{""ID"": ""58571394"", ""PATH"": ""1405113.95251254.1447085.67020241.67023052"", ""OKTMO"": ""45374000"", ""NEXTID"": ""0"", ""PREVID"": ""0"", ""ENDDATE"": ""2079-06-06"", ""CHANGEID"": ""99940264"", ""ISACTIVE"": ""1"", ""OBJECTID"": ""67023052"", ""STARTDATE"": ""2011-11-01"", ""UPDATEDATE"": ""2011-11-01"", ""PARENTOBJID"": ""67020241""}"
58571403,67023091,67023052,99940308,,,,,,,1405113.95251254.1447085.67020241.67023052.67023091,2011-11-01,2011-11-01,2079-06-06,t,45374000,"{""ID"": ""58571403"", ""PATH"": ""1405113.95251254.1447085.67020241.67023052.67023091"", ""OKTMO"": ""45374000"", ""NEXTID"": ""0"", ""PREVID"": ""0"", ""ENDDATE"": ""2079-06-06"", ""CHANGEID"": ""99940308"", ""ISACTIVE"": ""1"", ""OBJECTID"": ""67023091"", ""STARTDATE"": ""2011-11-01"", ""UPDATEDATE"": ""2011-11-01"", ""PARENTOBJID"": ""67023052""}"
58571423,67023128,67023052,99940349,,,,,,,1405113.95251254.1447085.67020241.67023052.67023128,2011-11-01,2011-11-01,2079-06-06,t,45374000,"{""ID"": ""58571423"", ""PATH"": ""1405113.95251254.1447085.67020241.67023052.67023128"", ""OKTMO"": ""45374000"", ""NEXTID"": ""0"", ""PREVID"": ""0"", ""ENDDATE"": ""2079-06-06"", ""CHANGEID"": ""99940349"", ""ISACTIVE"": ""1"", ""OBJECTID"": ""67023128"", ""STARTDATE"": ""2011-11-01"", ""UPDATEDATE"": ""2011-11-01"", ""PARENTOBJID"": ""67023052""}"
58571596,67023161,67020241,99940381,,,,,,,1405113.95251254.1447085.67020241.67023161,2011-11-01,2011-11-01,2079-06-06,t,45374000,"{""ID"": ""58571596"", ""PATH"": ""1405113.95251254.1447085.67020241.67023161"", ""OKTMO"": ""45374000"", ""NEXTID"": ""0"", ""PREVID"": ""0"", ""ENDDATE"": ""2079-06-06"", ""CHANGEID"": ""99940381"", ""ISACTIVE"": ""1"", ""OBJECTID"": ""67023161"", ""STARTDATE"": ""2011-11-01"", ""UPDATEDATE"": ""2011-11-01"", ""PARENTOBJID"": ""67020241""}"
58571608,67023168,67020241,99940389,,,,,,,1405113.95251254.1447085.67020241.67023168,2011-11-01,2011-11-01,2079-06-06,t,45374000,"{""ID"": ""58571608"", ""PATH"": ""1405113.95251254.1447085.67020241.67023168"", ""OKTMO"": ""45374000"", ""NEXTID"": ""0"", ""PREVID"": ""0"", ""ENDDATE"": ""2079-06-06"", ""CHANGEID"": ""99940389"", ""ISACTIVE"": ""1"", ""OBJECTID"": ""67023168"", ""STARTDATE"": ""2011-11-01"", ""UPDATEDATE"": ""2011-11-01"", ""PARENTOBJID"": ""67020241""}"
58571756,67023229,67020241,99940453,,,,,,,1405113.95251254.1447085.67020241.67023229,2011-11-01,2011-11-01,2079-06-06,t,45374000,"{""ID"": ""58571756"", ""PATH"": ""1405113.95251254.1447085.67020241.67023229"", ""OKTMO"": ""45374000"", ""NEXTID"": ""0"", ""PREVID"": ""0"", ""ENDDATE"": ""2079-06-06"", ""CHANGEID"": ""99940453"", ""ISACTIVE"": ""1"", ""OBJECTID"": ""67023229"", ""STARTDATE"": ""2011-11-01"", ""UPDATEDATE"": ""2011-11-01"", ""PARENTOBJID"": ""67020241""}"
58559999,67032388,1447085,99953632,,,,,,,1405113.95251254.1447085.67032388,2011-11-01,2011-11-01,2079-06-06,t,45374000,"{""ID"": ""58559999"", ""PATH"": ""1405113.95251254.1447085.67032388"", ""OKTMO"": ""45374000"", ""NEXTID"": ""0"", ""PREVID"": ""0"", ""ENDDATE"": ""2079-06-06"", ""CHANGEID"": ""99953632"", ""ISACTIVE"": ""1"", ""OBJECTID"": ""67032388"", ""STARTDATE"": ""2011-11-01"", ""UPDATEDATE"": ""2011-11-01"", ""PARENTOBJID"": ""1447085""}"
58574724,67034116,67032388,99955608,,,,,,,1405113.95251254.1447085.67032388.67034116,2011-11-01,2011-11-01,2079-06-06,t,45374000,"{""ID"": ""58574724"", ""PATH"": ""1405113.95251254.1447085.67032388.67034116"", ""OKTMO"": ""45374000"", ""NEXTID"": ""0"", ""PREVID"": ""0"", ""ENDDATE"": ""2079-06-06"", ""CHANGEID"": ""99955608"", ""ISACTIVE"": ""1"", ""OBJECTID"": ""67034116"", ""STARTDATE"": ""2011-11-01"", ""UPDATEDATE"": ""2011-11-01"", ""PARENTOBJID"": ""67032388""}"
58574738,67034562,67032388,99956122,,,,,,,1405113.95251254.1447085.67032388.67034562,2011-11-01,2011-11-01,2079-06-06,t,45374000,"{""ID"": ""58574738"", ""PATH"": ""1405113.95251254.1447085.67032388.67034562"", ""OKTMO"": ""45374000"", ""NEXTID"": ""0"", ""PREVID"": ""0"", ""ENDDATE"": ""2079-06-06"", ""CHANGEID"": ""99956122"", ""ISACTIVE"": ""1"", ""OBJECTID"": ""67034562"", ""STARTDATE"": ""2011-11-01"", ""UPDATEDATE"": ""2011-11-01"", ""PARENTOBJID"": ""67032388""}"
58574751,67034646,67034562,99956223,,,,,,,1405113.95251254.1447085.67032388.67034562.67034646,2011-11-01,2011-11-01,2079-06-06,t,45374000,"{""ID"": ""58574751"", ""PATH"": ""1405113.95251254.1447085.67032388.67034562.67034646"", ""OKTMO"": ""45374000"", ""NEXTID"": ""0"", ""PREVID"": ""0"", ""ENDDATE"": ""2079-06-06"", ""CHANGEID"": ""99956223"", ""ISACTIVE"": ""1"", ""OBJECTID"": ""67034646"", ""STARTDATE"": ""2011-11-01"", ""UPDATEDATE"": ""2011-11-01"", ""PARENTOBJID"": ""67034562""}"
58574768,67034712,67034562,99956308,,,,,,,1405113.95251254.1447085.67032388.67034562.67034712,2011-11-01,2011-11-01,2079-06-06,t,45374000,"{""ID"": ""58574768"", ""PATH"": ""1405113.95251254.1447085.67032388.67034562.67034712"", ""OKTMO"": ""45374000"", ""NEXTID"": ""0"", ""PREVID"": ""0"", ""ENDDATE"": ""2079-06-06"", ""CHANGEID"": ""99956308"", ""ISACTIVE"": ""1"", ""OBJECTID"": ""67034712"", ""STARTDATE"": ""2011-11-01"", ""UPDATEDATE"": ""2011-11-01"", ""PARENTOBJID"": ""67034562""}"
58575215,67035293,67032388,99956991,,,,,,,1405113.95251254.1447085.67032388.67035293,2011-11-01,2011-11-01,2079-06-06,t,45374000,"{""ID"": ""58575215"", ""PATH"": ""1405113.95251254.1447085.67032388.67035293"", ""OKTMO"": ""45374000"", ""NEXTID"": ""0"", ""PREVID"": ""0"", ""ENDDATE"": ""2079-06-06"", ""CHANGEID"": ""99956991"", ""ISACTIVE"": ""1"", ""OBJECTID"": ""67035293"", ""STARTDATE"": ""2011-11-01"", ""UPDATEDATE"": ""2011-11-01"", ""PARENTOBJID"": ""67032388""}"
58575223,67035306,67032388,99957011,,,,,,,1405113.95251254.1447085.67032388.67035306,2011-11-01,2011-11-01,2079-06-06,t,45374000,"{""ID"": ""58575223"", ""PATH"": ""1405113.95251254.1447085.67032388.67035306"", ""OKTMO"": ""45374000"", ""NEXTID"": ""0"", ""PREVID"": ""0"", ""ENDDATE"": ""2079-06-06"", ""CHANGEID"": ""99957011"", ""ISACTIVE"": ""1"", ""OBJECTID"": ""67035306"", ""STARTDATE"": ""2011-11-01"", ""UPDATEDATE"": ""2011-11-01"", ""PARENTOBJID"": ""67032388""}"
58575239,67035314,67032388,99957021,,,,,,,1405113.95251254.1447085.67032388.67035314,2011-11-01,2011-11-01,2079-06-06,t,45374000,"{""ID"": ""58575239"", ""PATH"": ""1405113.95251254.1447085.67032388.67035314"", ""OKTMO"": ""45374000"", ""NEXTID"": ""0"", ""PREVID"": ""0"", ""ENDDATE"": ""2079-06-06"", ""CHANGEID"": ""99957021"", ""ISACTIVE"": ""1"", ""OBJECTID"": ""67035314"", ""STARTDATE"": ""2011-11-01"", ""UPDATEDATE"": ""2011-11-01"", ""PARENTOBJID"": ""67032388""}"
58560032,67036019,1447085,99957801,,,,,,,1405113.95251254.1447085.67036019,2011-11-01,2011-11-01,2079-06-06,t,45374000,"{""ID"": ""58560032"", ""PATH"": ""1405113.95251254.1447085.67036019"", ""OKTMO"": ""45374000"", ""NEXTID"": ""0"", ""PREVID"": ""0"", ""ENDDATE"": ""2079-06-06"", ""CHANGEID"": ""99957801"", ""ISACTIVE"": ""1"", ""OBJECTID"": ""67036019"", ""STARTDATE"": ""2011-11-01"", ""UPDATEDATE"": ""2011-11-01"", ""PARENTOBJID"": ""1447085""}"
58559921,67054680,1447085,99983162,,,,,,,1405113.95251254.1447085.67054680,2011-11-01,2011-11-01,2079-06-06,t,45374000,"{""ID"": ""58559921"", ""PATH"": ""1405113.95251254.1447085.67054680"", ""OKTMO"": ""45374000"", ""NEXTID"": ""0"", ""PREVID"": ""0"", ""ENDDATE"": ""2079-06-06"", ""CHANGEID"": ""99983162"", ""ISACTIVE"": ""1"", ""OBJECTID"": ""67054680"", ""STARTDATE"": ""2011-11-01"", ""UPDATEDATE"": ""2011-11-01"", ""PARENTOBJID"": ""1447085""}"
58584006,67055734,67054680,99984596,,,,,,,1405113.95251254.1447085.67054680.67055734,2011-11-01,2011-11-01,2079-06-06,t,45374000,"{""ID"": ""58584006"", ""PATH"": ""1405113.95251254.1447085.67054680.67055734"", ""OKTMO"": ""45374000"", ""NEXTID"": ""0"", ""PREVID"": ""0"", ""ENDDATE"": ""2079-06-06"", ""CHANGEID"": ""99984596"", ""ISACTIVE"": ""1"", ""OBJECTID"": ""67055734"", ""STARTDATE"": ""2011-11-01"", ""UPDATEDATE"": ""2011-11-01"", ""PARENTOBJID"": ""67054680""}"
58584022,67056049,67054680,99985015,,,,,,,1405113.95251254.1447085.67054680.67056049,2011-11-01,2011-11-01,2079-06-06,t,45374000,"{""ID"": ""58584022"", ""PATH"": ""1405113.95251254.1447085.67054680.67056049"", ""OKTMO"": ""45374000"", ""NEXTID"": ""0"", ""PREVID"": ""0"", ""ENDDATE"": ""2079-06-06"", ""CHANGEID"": ""99985015"", ""ISACTIVE"": ""1"", ""OBJECTID"": ""67056049"", ""STARTDATE"": ""2011-11-01"", ""UPDATEDATE"": ""2011-11-01"", ""PARENTOBJID"": ""67054680""}"
58584034,67056075,67056049,99985054,,,,,,,1405113.95251254.1447085.67054680.67056049.67056075,2011-11-01,2011-11-01,2079-06-06,t,45374000,"{""ID"": ""58584034"", ""PATH"": ""1405113.95251254.1447085.67054680.67056049.67056075"", ""OKTMO"": ""45374000"", ""NEXTID"": ""0"", ""PREVID"": ""0"", ""ENDDATE"": ""2079-06-06"", ""CHANGEID"": ""99985054"", ""ISACTIVE"": ""1"", ""OBJECTID"": ""67056075"", ""STARTDATE"": ""2011-11-01"", ""UPDATEDATE"": ""2011-11-01"", ""PARENTOBJID"": ""67056049""}"
58585516,67056114,67056049,99985111,,,,,,,1405113.95251254.1447085.67054680.67056049.67056114,2011-11-01,2011-11-01,2079-06-06,t,45374000,"{""ID"": ""58585516"", ""PATH"": ""1405113.95251254.1447085.67054680.67056049.67056114"", ""OKTMO"": ""45374000"", ""NEXTID"": ""0"", ""PREVID"": ""0"", ""ENDDATE"": ""2079-06-06"", ""CHANGEID"": ""99985111"", ""ISACTIVE"": ""1"", ""OBJECTID"": ""67056114"", ""STARTDATE"": ""2011-11-01"", ""UPDATEDATE"": ""2011-11-01"", ""PARENTOBJID"": ""67056049""}"
58585533,67056121,67054680,99985119,,,,,,,1405113.95251254.1447085.67054680.67056121,2011-11-01,2011-11-01,2079-06-06,t,45374000,"{""ID"": ""58585533"", ""PATH"": ""1405113.95251254.1447085.67054680.67056121"", ""OKTMO"": ""45374000"", ""NEXTID"": ""0"", ""PREVID"": ""0"", ""ENDDATE"": ""2079-06-06"", ""CHANGEID"": ""99985119"", ""ISACTIVE"": ""1"", ""OBJECTID"": ""67056121"", ""STARTDATE"": ""2011-11-01"", ""UPDATEDATE"": ""2011-11-01"", ""PARENTOBJID"": ""67054680""}"
58585547,67056124,67054680,99985126,,,,,,,1405113.95251254.1447085.67054680.67056124,2011-11-01,2011-11-01,2079-06-06,t,45374000,"{""ID"": ""58585547"", ""PATH"": ""1405113.95251254.1447085.67054680.67056124"", ""OKTMO"": ""45374000"", ""NEXTID"": ""0"", ""PREVID"": ""0"", ""ENDDATE"": ""2079-06-06"", ""CHANGEID"": ""99985126"", ""ISACTIVE"": ""1"", ""OBJECTID"": ""67056124"", ""STARTDATE"": ""2011-11-01"", ""UPDATEDATE"": ""2011-11-01"", ""PARENTOBJID"": ""67054680""}"
58585558,67056167,67054680,99985177,,,,,,,1405113.95251254.1447085.67054680.67056167,2011-11-01,2011-11-01,2079-06-06,t,45374000,"{""ID"": ""58585558"", ""PATH"": ""1405113.95251254.1447085.67054680.67056167"", ""OKTMO"": ""45374000"", ""NEXTID"": ""0"", ""PREVID"": ""0"", ""ENDDATE"": ""2079-06-06"", ""CHANGEID"": ""99985177"", ""ISACTIVE"": ""1"", ""OBJECTID"": ""67056167"", ""STARTDATE"": ""2011-11-01"", ""UPDATEDATE"": ""2011-11-01"", ""PARENTOBJID"": ""67054680""}"
58559929,67057052,1447085,99986371,,,,,,,1405113.95251254.1447085.67057052,2011-11-01,2011-11-01,2079-06-06,t,45374000,"{""ID"": ""58559929"", ""PATH"": ""1405113.95251254.1447085.67057052"", ""OKTMO"": ""45374000"", ""NEXTID"": ""0"", ""PREVID"": ""0"", ""ENDDATE"": ""2079-06-06"", ""CHANGEID"": ""99986371"", ""ISACTIVE"": ""1"", ""OBJECTID"": ""67057052"", ""STARTDATE"": ""2011-11-01"", ""UPDATEDATE"": ""2011-11-01"", ""PARENTOBJID"": ""1447085""}"
58575897,67058987,67057052,99989334,,,,,,,1405113.95251254.1447085.67057052.67058987,2011-11-01,2011-11-01,2079-06-06,t,45374000,"{""ID"": ""58575897"", ""PATH"": ""1405113.95251254.1447085.67057052.67058987"", ""OKTMO"": ""45374000"", ""NEXTID"": ""0"", ""PREVID"": ""0"", ""ENDDATE"": ""2079-06-06"", ""CHANGEID"": ""99989334"", ""ISACTIVE"": ""1"", ""OBJECTID"": ""67058987"", ""STARTDATE"": ""2011-11-01"", ""UPDATEDATE"": ""2011-11-01"", ""PARENTOBJID"": ""67057052""}"
58575916,67059187,67057052,99989646,,,,,,,1405113.95251254.1447085.67057052.67059187,2011-11-01,2011-11-01,2079-06-06,t,45374000,"{""ID"": ""58575916"", ""PATH"": ""1405113.95251254.1447085.67057052.67059187"", ""OKTMO"": ""45374000"", ""NEXTID"": ""0"", ""PREVID"": ""0"", ""ENDDATE"": ""2079-06-06"", ""CHANGEID"": ""99989646"", ""ISACTIVE"": ""1"", ""OBJECTID"": ""67059187"", ""STARTDATE"": ""2011-11-01"", ""UPDATEDATE"": ""2011-11-01"", ""PARENTOBJID"": ""67057052""}"
58575931,67059491,67057052,99990107,,,,,,,1405113.95251254.1447085.67057052.67059491,2011-11-01,2011-11-01,2079-06-06,t,45374000,"{""ID"": ""58575931"", ""PATH"": ""1405113.95251254.1447085.67057052.67059491"", ""OKTMO"": ""45374000"", ""NEXTID"": ""0"", ""PREVID"": ""0"", ""ENDDATE"": ""2079-06-06"", ""CHANGEID"": ""99990107"", ""ISACTIVE"": ""1"", ""OBJECTID"": ""67059491"", ""STARTDATE"": ""2011-11-01"", ""UPDATEDATE"": ""2011-11-01"", ""PARENTOBJID"": ""67057052""}"
58575949,67059496,67057052,99990117,,,,,,,1405113.95251254.1447085.67057052.67059496,2011-11-01,2011-11-01,2079-06-06,t,45374000,"{""ID"": ""58575949"", ""PATH"": ""1405113.95251254.1447085.67057052.67059496"", ""OKTMO"": ""45374000"", ""NEXTID"": ""0"", ""PREVID"": ""0"", ""ENDDATE"": ""2079-06-06"", ""CHANGEID"": ""99990117"", ""ISACTIVE"": ""1"", ""OBJECTID"": ""67059496"", ""STARTDATE"": ""2011-11-01"", ""UPDATEDATE"": ""2011-11-01"", ""PARENTOBJID"": ""67057052""}"
58575962,67059682,67057052,99990389,,,,,,,1405113.95251254.1447085.67057052.67059682,2011-11-01,2011-11-01,2079-06-06,t,45374000,"{""ID"": ""58575962"", ""PATH"": ""1405113.95251254.1447085.67057052.67059682"", ""OKTMO"": ""45374000"", ""NEXTID"": ""0"", ""PREVID"": ""0"", ""ENDDATE"": ""2079-06-06"", ""CHANGEID"": ""99990389"", ""ISACTIVE"": ""1"", ""OBJECTID"": ""67059682"", ""STARTDATE"": ""2011-11-01"", ""UPDATEDATE"": ""2011-11-01"", ""PARENTOBJID"": ""67057052""}"
58576305,67060274,67057052,99991281,,,,,,,1405113.95251254.1447085.67057052.67060274,2011-11-01,2011-11-01,2079-06-06,t,45374000,"{""ID"": ""58576305"", ""PATH"": ""1405113.95251254.1447085.67057052.67060274"", ""OKTMO"": ""45374000"", ""NEXTID"": ""0"", ""PREVID"": ""0"", ""ENDDATE"": ""2079-06-06"", ""CHANGEID"": ""99991281"", ""ISACTIVE"": ""1"", ""OBJECTID"": ""67060274"", ""STARTDATE"": ""2011-11-01"", ""UPDATEDATE"": ""2011-11-01"", ""PARENTOBJID"": ""67057052""}"
58576321,67060477,67060274,99991595,,,,,,,1405113.95251254.1447085.67057052.67060274.67060477,2011-11-01,2011-11-01,2079-06-06,t,45374000,"{""ID"": ""58576321"", ""PATH"": ""1405113.95251254.1447085.67057052.67060274.67060477"", ""OKTMO"": ""45374000"", ""NEXTID"": ""0"", ""PREVID"": ""0"", ""ENDDATE"": ""2079-06-06"", ""CHANGEID"": ""99991595"", ""ISACTIVE"": ""1"", ""OBJECTID"": ""67060477"", ""STARTDATE"": ""2011-11-01"", ""UPDATEDATE"": ""2011-11-01"", ""PARENTOBJID"": ""67060274""}"
58576338,67060862,67060274,99992142,,,,,,,1405113.95251254.1447085.67057052.67060274.67060862,2011-11-01,2011-11-01,2079-06-06,t,45374000,"{""ID"": ""58576338"", ""PATH"": ""1405113.95251254.1447085.67057052.67060274.67060862"", ""OKTMO"": ""45374000"", ""NEXTID"": ""0"", ""PREVID"": ""0"", ""ENDDATE"": ""2079-06-06"", ""CHANGEID"": ""99992142"", ""ISACTIVE"": ""1"", ""OBJECTID"": ""67060862"", ""STARTDATE"": ""2011-11-01"", ""UPDATEDATE"": ""2011-11-01"", ""PARENTOBJID"": ""67060274""}"
58559980,67072689,1447085,100009809,,,,,,,1405113.95251254.1447085.67072689,2011-11-01,2011-11-01,2079-06-06,t,45374000,"{""ID"": ""58559980"", ""PATH"": ""1405113.95251254.1447085.67072689"", ""OKTMO"": ""45374000"", ""NEXTID"": ""0"", ""PREVID"": ""0"", ""ENDDATE"": ""2079-06-06"", ""CHANGEID"": ""100009809"", ""ISACTIVE"": ""1"", ""OBJECTID"": ""67072689"", ""STARTDATE"": ""2011-11-01"", ""UPDATEDATE"": ""2011-11-01"", ""PARENTOBJID"": ""1447085""}"
58559960,67083832,1447085,100026477,,,,,,,1405113.95251254.1447085.67083832,2011-11-01,2011-11-01,2079-06-06,t,45374000,"{""ID"": ""58559960"", ""PATH"": ""1405113.95251254.1447085.67083832"", ""OKTMO"": ""45374000"", ""NEXTID"": ""0"", ""PREVID"": ""0"", ""ENDDATE"": ""2079-06-06"", ""CHANGEID"": ""100026477"", ""ISACTIVE"": ""1"", ""OBJECTID"": ""67083832"", ""STARTDATE"": ""2011-11-01"", ""UPDATEDATE"": ""2011-11-01"", ""PARENTOBJID"": ""1447085""}"
58598474,67086218,67083832,100030190,,,,,,,1405113.95251254.1447085.67083832.67086218,2011-11-01,2011-11-01,2079-06-06,t,45374000,"{""ID"": ""58598474"", ""PATH"": ""1405113.95251254.1447085.67083832.67086218"", ""OKTMO"": ""45374000"", ""NEXTID"": ""0"", ""PREVID"": ""0"", ""ENDDATE"": ""2079-06-06"", ""CHANGEID"": ""100030190"", ""ISACTIVE"": ""1"", ""OBJECTID"": ""67086218"", ""STARTDATE"": ""2011-11-01"", ""UPDATEDATE"": ""2011-11-01"", ""PARENTOBJID"": ""67083832""}"
58598484,67086246,67083832,100030232,,,,,,,1405113.95251254.1447085.67083832.67086246,2011-11-01,2011-11-01,2079-06-06,t,45374000,"{""ID"": ""58598484"", ""PATH"": ""1405113.95251254.1447085.67083832.67086246"", ""OKTMO"": ""45374000"", ""NEXTID"": ""0"", ""PREVID"": ""0"", ""ENDDATE"": ""2079-06-06"", ""CHANGEID"": ""100030232"", ""ISACTIVE"": ""1"", ""OBJECTID"": ""67086246"", ""STARTDATE"": ""2011-11-01"", ""UPDATEDATE"": ""2011-11-01"", ""PARENTOBJID"": ""67083832""}"
58598497,67086280,67083832,100030280,,,,,,,1405113.95251254.1447085.67083832.67086280,2011-11-01,2011-11-01,2079-06-06,t,45374000,"{""ID"": ""58598497"", ""PATH"": ""1405113.95251254.1447085.67083832.67086280"", ""OKTMO"": ""45374000"", ""NEXTID"": ""0"", ""PREVID"": ""0"", ""ENDDATE"": ""2079-06-06"", ""CHANGEID"": ""100030280"", ""ISACTIVE"": ""1"", ""OBJECTID"": ""67086280"", ""STARTDATE"": ""2011-11-01"", ""UPDATEDATE"": ""2011-11-01"", ""PARENTOBJID"": ""67083832""}"
58598509,67086330,67083832,100030345,,,,,,,1405113.95251254.1447085.67083832.67086330,2011-11-01,2011-11-01,2079-06-06,t,45374000,"{""ID"": ""58598509"", ""PATH"": ""1405113.95251254.1447085.67083832.67086330"", ""OKTMO"": ""45374000"", ""NEXTID"": ""0"", ""PREVID"": ""0"", ""ENDDATE"": ""2079-06-06"", ""CHANGEID"": ""100030345"", ""ISACTIVE"": ""1"", ""OBJECTID"": ""67086330"", ""STARTDATE"": ""2011-11-01"", ""UPDATEDATE"": ""2011-11-01"", ""PARENTOBJID"": ""67083832""}"
58598587,67086336,67083832,100030352,,,,,,,1405113.95251254.1447085.67083832.67086336,2011-11-01,2011-11-01,2079-06-06,t,45374000,"{""ID"": ""58598587"", ""PATH"": ""1405113.95251254.1447085.67083832.67086336"", ""OKTMO"": ""45374000"", ""NEXTID"": ""0"", ""PREVID"": ""0"", ""ENDDATE"": ""2079-06-06"", ""CHANGEID"": ""100030352"", ""ISACTIVE"": ""1"", ""OBJECTID"": ""67086336"", ""STARTDATE"": ""2011-11-01"", ""UPDATEDATE"": ""2011-11-01"", ""PARENTOBJID"": ""67083832""}"
58598656,67086685,67083832,100030974,,,,,,,1405113.95251254.1447085.67083832.67086685,2011-11-01,2011-11-01,2079-06-06,t,45374000,"{""ID"": ""58598656"", ""PATH"": ""1405113.95251254.1447085.67083832.67086685"", ""OKTMO"": ""45374000"", ""NEXTID"": ""0"", ""PREVID"": ""0"", ""ENDDATE"": ""2079-06-06"", ""CHANGEID"": ""100030974"", ""ISACTIVE"": ""1"", ""OBJECTID"": ""67086685"", ""STARTDATE"": ""2011-11-01"", ""UPDATEDATE"": ""2011-11-01"", ""PARENTOBJID"": ""67083832""}"
58598671,67086695,67086685,100030990,,,,,,,1405113.95251254.1447085.67083832.67086685.67086695,2011-11-01,2011-11-01,2079-06-06,t,45374000,"{""ID"": ""58598671"", ""PATH"": ""1405113.95251254.1447085.67083832.67086685.67086695"", ""OKTMO"": ""45374000"", ""NEXTID"": ""0"", ""PREVID"": ""0"", ""ENDDATE"": ""2079-06-06"", ""CHANGEID"": ""100030990"", ""ISACTIVE"": ""1"", ""OBJECTID"": ""67086695"", ""STARTDATE"": ""2011-11-01"", ""UPDATEDATE"": ""2011-11-01"", ""PARENTOBJID"": ""67086685""}"
58598681,67086709,67086685,100031014,,,,,,,1405113.95251254.1447085.67083832.67086685.67086709,2011-11-01,2011-11-01,2079-06-06,t,45374000,"{""ID"": ""58598681"", ""PATH"": ""1405113.95251254.1447085.67083832.67086685.67086709"", ""OKTMO"": ""45374000"", ""NEXTID"": ""0"", ""PREVID"": ""0"", ""ENDDATE"": ""2079-06-06"", ""CHANGEID"": ""100031014"", ""ISACTIVE"": ""1"", ""OBJECTID"": ""67086709"", ""STARTDATE"": ""2011-11-01"", ""UPDATEDATE"": ""2011-11-01"", ""PARENTOBJID"": ""67086685""}"
58560053,86491480,1447085,128290015,,,,,,,1405113.95251254.1447085.86491480,2017-01-20,2017-01-20,2079-06-06,t,45374000,"{""ID"": ""58560053"", ""PATH"": ""1405113.95251254.1447085.86491480"", ""OKTMO"": ""45374000"", ""NEXTID"": ""0"", ""PREVID"": ""0"", ""ENDDATE"": ""2079-06-06"", ""CHANGEID"": ""128290015"", ""ISACTIVE"": ""1"", ""OBJECTID"": ""86491480"", ""STARTDATE"": ""2017-01-20"", ""UPDATEDATE"": ""2017-01-20"", ""PARENTOBJID"": ""1447085""}"
58560054,87934231,1447085,130134412,,,,,,,1405113.95251254.1447085.87934231,2019-02-14,2019-02-14,2079-06-06,t,45374000,"{""ID"": ""58560054"", ""PATH"": ""1405113.95251254.1447085.87934231"", ""OKTMO"": ""45374000"", ""NEXTID"": ""0"", ""PREVID"": ""0"", ""ENDDATE"": ""2079-06-06"", ""CHANGEID"": ""130134412"", ""ISACTIVE"": ""1"", ""OBJECTID"": ""87934231"", ""STARTDATE"": ""2019-02-14"", ""UPDATEDATE"": ""2019-02-14"", ""PARENTOBJID"": ""1447085""}"
106921571,97075954,67036019,151762680,,,,,,,1405113.95251254.1447085.67036019.97075954,2020-06-10,2020-06-10,2079-06-06,t,45374000,"{""ID"": ""106921571"", ""PATH"": ""1405113.95251254.1447085.67036019.97075954"", ""OKTMO"": ""45374000"", ""NEXTID"": ""0"", ""PREVID"": ""0"", ""ENDDATE"": ""2079-06-06"", ""CHANGEID"": ""151762680"", ""ISACTIVE"": ""1"", ""OBJECTID"": ""97075954"", ""STARTDATE"": ""2020-06-10"", ""UPDATEDATE"": ""2020-06-10"", ""PARENTOBJID"": ""67036019""}"
106921572,97075955,67036019,151762681,,,,,,,1405113.95251254.1447085.67036019.97075955,2020-06-10,2020-06-10,2079-06-06,t,45374000,"{""ID"": ""106921572"", ""PATH"": ""1405113.95251254.1447085.67036019.97075955"", ""OKTMO"": ""45374000"", ""NEXTID"": ""0"", ""PREVID"": ""0"", ""ENDDATE"": ""2079-06-06"", ""CHANGEID"": ""151762681"", ""ISACTIVE"": ""1"", ""OBJECTID"": ""97075955"", ""STARTDATE"": ""2020-06-10"", ""UPDATEDATE"": ""2020-06-10"", ""PARENTOBJID"": ""67036019""}"
106921573,97075956,67036019,151762682,,,,,,,1405113.95251254.1447085.67036019.97075956,2020-06-10,2020-06-10,2079-06-06,t,45374000,"{""ID"": ""106921573"", ""PATH"": ""1405113.95251254.1447085.67036019.97075956"", ""OKTMO"": ""45374000"", ""NEXTID"": ""0"", ""PREVID"": ""0"", ""ENDDATE"": ""2079-06-06"", ""CHANGEID"": ""151762682"", ""ISACTIVE"": ""1"", ""OBJECTID"": ""97075956"", ""STARTDATE"": ""2020-06-10"", ""UPDATEDATE"": ""2020-06-10"", ""PARENTOBJID"": ""67036019""}"
106921574,97075957,67036019,151762683,,,,,,,1405113.95251254.1447085.67036019.97075957,2020-06-10,2020-06-10,2079-06-06,t,45374000,"{""ID"": ""106921574"", ""PATH"": ""1405113.95251254.1447085.67036019.97075957"", ""OKTMO"": ""45374000"", ""NEXTID"": ""0"", ""PREVID"": ""0"", ""ENDDATE"": ""2079-06-06"", ""CHANGEID"": ""151762683"", ""ISACTIVE"": ""1"", ""OBJECTID"": ""97075957"", ""STARTDATE"": ""2020-06-10"", ""UPDATEDATE"": ""2020-06-10"", ""PARENTOBJID"": ""67036019""}"
106921575,97075958,67036019,151762684,,,,,,,1405113.95251254.1447085.67036019.97075958,2020-06-10,2020-06-10,2079-06-06,t,45374000,"{""ID"": ""106921575"", ""PATH"": ""1405113.95251254.1447085.67036019.97075958"", ""OKTMO"": ""45374000"", ""NEXTID"": ""0"", ""PREVID"": ""0"", ""ENDDATE"": ""2079-06-06"", ""CHANGEID"": ""151762684"", ""ISACTIVE"": ""1"", ""OBJECTID"": ""97075958"", ""STARTDATE"": ""2020-06-10"", ""UPDATEDATE"": ""2020-06-10"", ""PARENTOBJID"": ""67036019""}"
106921744,97076127,67072689,151762926,,,,,,,1405113.95251254.1447085.67072689.97076127,2020-06-10,2020-06-10,2079-06-06,t,45374000,"{""ID"": ""106921744"", ""PATH"": ""1405113.95251254.1447085.67072689.97076127"", ""OKTMO"": ""45374000"", ""NEXTID"": ""0"", ""PREVID"": ""0"", ""ENDDATE"": ""2079-06-06"", ""CHANGEID"": ""151762926"", ""ISACTIVE"": ""1"", ""OBJECTID"": ""97076127"", ""STARTDATE"": ""2020-06-10"", ""UPDATEDATE"": ""2020-06-10"", ""PARENTOBJID"": ""67072689""}"
106921745,97076128,67072689,151762927,,,,,,,1405113.95251254.1447085.67072689.97076128,2020-06-10,2020-06-10,2079-06-06,t,45374000,"{""ID"": ""106921745"", ""PATH"": ""1405113.95251254.1447085.67072689.97076128"", ""OKTMO"": ""45374000"", ""NEXTID"": ""0"", ""PREVID"": ""0"", ""ENDDATE"": ""2079-06-06"", ""CHANGEID"": ""151762927"", ""ISACTIVE"": ""1"", ""OBJECTID"": ""97076128"", ""STARTDATE"": ""2020-06-10"", ""UPDATEDATE"": ""2020-06-10"", ""PARENTOBJID"": ""67072689""}"
106921746,97076129,67072689,151762928,,,,,,,1405113.95251254.1447085.67072689.97076129,2020-06-10,2020-06-10,2079-06-06,t,45374000,"{""ID"": ""106921746"", ""PATH"": ""1405113.95251254.1447085.67072689.97076129"", ""OKTMO"": ""45374000"", ""NEXTID"": ""0"", ""PREVID"": ""0"", ""ENDDATE"": ""2079-06-06"", ""CHANGEID"": ""151762928"", ""ISACTIVE"": ""1"", ""OBJECTID"": ""97076129"", ""STARTDATE"": ""2020-06-10"", ""UPDATEDATE"": ""2020-06-10"", ""PARENTOBJID"": ""67072689""}"
106921747,97076130,67072689,151762929,,,,,,,1405113.95251254.1447085.67072689.97076130,2020-06-10,2020-06-10,2079-06-06,t,45374000,"{""ID"": ""106921747"", ""PATH"": ""1405113.95251254.1447085.67072689.97076130"", ""OKTMO"": ""45374000"", ""NEXTID"": ""0"", ""PREVID"": ""0"", ""ENDDATE"": ""2079-06-06"", ""CHANGEID"": ""151762929"", ""ISACTIVE"": ""1"", ""OBJECTID"": ""97076130"", ""STARTDATE"": ""2020-06-10"", ""UPDATEDATE"": ""2020-06-10"", ""PARENTOBJID"": ""67072689""}"
106921748,97076131,67072689,151762930,,,,,,,1405113.95251254.1447085.67072689.97076131,2020-06-10,2020-06-10,2079-06-06,t,45374000,"{""ID"": ""106921748"", ""PATH"": ""1405113.95251254.1447085.67072689.97076131"", ""OKTMO"": ""45374000"", ""NEXTID"": ""0"", ""PREVID"": ""0"", ""ENDDATE"": ""2079-06-06"", ""CHANGEID"": ""151762930"", ""ISACTIVE"": ""1"", ""OBJECTID"": ""97076131"", ""STARTDATE"": ""2020-06-10"", ""UPDATEDATE"": ""2020-06-10"", ""PARENTOBJID"": ""67072689""}"
115118619,102354797,67036019,215582475,,,,,,,1405113.95251254.1447085.67036019.102354797,2021-09-06,2021-09-06,2079-06-06,t,45374000,"{""ID"": ""115118619"", ""PATH"": ""1405113.95251254.1447085.67036019.102354797"", ""OKTMO"": ""45374000"", ""NEXTID"": ""0"", ""PREVID"": ""0"", ""ENDDATE"": ""2079-06-06"", ""CHANGEID"": ""215582475"", ""ISACTIVE"": ""1"", ""OBJECTID"": ""102354797"", ""STARTDATE"": ""2021-09-06"", ""UPDATEDATE"": ""2021-09-06"", ""PARENTOBJID"": ""67036019""}"
115120443,102356596,67072689,215585738,,,,,,,1405113.95251254.1447085.67072689.102356596,2021-09-06,2021-09-06,2079-06-06,t,45374000,"{""ID"": ""115120443"", ""PATH"": ""1405113.95251254.1447085.67072689.102356596"", ""OKTMO"": ""45374000"", ""NEXTID"": ""0"", ""PREVID"": ""0"", ""ENDDATE"": ""2079-06-06"", ""CHANGEID"": ""215585738"", ""ISACTIVE"": ""1"", ""OBJECTID"": ""102356596"", ""STARTDATE"": ""2021-09-06"", ""UPDATEDATE"": ""2021-09-06"", ""PARENTOBJID"": ""67072689""}"
115120444,102356597,67072689,215585739,,,,,,,1405113.95251254.1447085.67072689.102356597,2021-09-06,2021-09-06,2079-06-06,t,45374000,"{""ID"": ""115120444"", ""PATH"": ""1405113.95251254.1447085.67072689.102356597"", ""OKTMO"": ""45374000"", ""NEXTID"": ""0"", ""PREVID"": ""0"", ""ENDDATE"": ""2079-06-06"", ""CHANGEID"": ""215585739"", ""ISACTIVE"": ""1"", ""OBJECTID"": ""102356597"", ""STARTDATE"": ""2021-09-06"", ""UPDATEDATE"": ""2021-09-06"", ""PARENTOBJID"": ""67072689""}"
119522834,104922674,66996580,286288966,,,,,,,1405113.95251254.1447085.66992955.66996580.104922674,2022-07-06,2022-07-06,2079-06-06,t,45374000,"{""ID"": ""119522834"", ""PATH"": ""1405113.95251254.1447085.66992955.66996580.104922674"", ""OKTMO"": ""45374000"", ""NEXTID"": ""0"", ""PREVID"": ""0"", ""ENDDATE"": ""2079-06-06"", ""CHANGEID"": ""286288966"", ""ISACTIVE"": ""1"", ""OBJECTID"": ""104922674"", ""STARTDATE"": ""2022-07-06"", ""UPDATEDATE"": ""2022-07-06"", ""PARENTOBJID"": ""66996580""}"
119575185,104973484,67036019,286617401,,,,,,,1405113.95251254.1447085.67036019.104973484,2022-07-13,2022-07-13,2079-06-06,t,45374000,"{""ID"": ""119575185"", ""PATH"": ""1405113.95251254.1447085.67036019.104973484"", ""OKTMO"": ""45374000"", ""NEXTID"": ""0"", ""PREVID"": ""0"", ""ENDDATE"": ""2079-06-06"", ""CHANGEID"": ""286617401"", ""ISACTIVE"": ""1"", ""OBJECTID"": ""104973484"", ""STARTDATE"": ""2022-07-13"", ""UPDATEDATE"": ""2022-07-13"", ""PARENTOBJID"": ""67036019""}"
